title,link
"
                    ,
                ",http://www.politico.com/
Magazine Home,http://www.politico.com/magazine/
Today's Cover,http://www.politico.com/magazine/
Opinion,http://www.politico.com/magazine/tag/opinion
Latest Stories,/magazine/#superLatest
Weekly Email Signups,http://www.politico.com/magazine/subscribe
What Works,http://www.politico.com/magazine/what-works/
Magazine,http://www.politico.com/magazine/table-of-contents/2016/01
Magazine Home,http://www.politico.com/magazine/
Today's Cover,http://www.politico.com/magazine/
Opinion,http://www.politico.com/magazine/tag/opinion
Latest Stories,/magazine/#superLatest
Weekly Email Signups,http://www.politico.com/magazine/subscribe
What Works,http://www.politico.com/magazine/what-works/
Agriculture,http://www.politico.com/agriculture
Cybersecurity,http://www.politico.com/cybersecurity
Defense,http://www.politico.com/defense
Education,http://www.politico.com/education
eHealth,http://www.politico.com/ehealth
Energy & Environment,http://www.politico.com/energy-and-environment
Finance & Tax,http://www.politico.com/finance
Health Care,http://www.politico.com/health-care
Employment & Immigration,http://www.politico.com/tag/employment-immigration
Technology,http://www.politico.com/technology
Trade,http://www.politico.com/trade
Transportation & Infrastructure,http://www.politico.com/transportation
Policy,#
Agriculture,http://www.politico.com/agriculture
Cybersecurity,http://www.politico.com/cybersecurity
Defense,http://www.politico.com/defense
Education,http://www.politico.com/education
eHealth,http://www.politico.com/ehealth
Energy & Environment,http://www.politico.com/energy-and-environment
Finance & Tax,http://www.politico.com/finance
Health Care,http://www.politico.com/health-care
Employment & Immigration,http://www.politico.com/tag/employment-immigration
Technology,http://www.politico.com/technology
Trade,http://www.politico.com/trade
Transportation & Infrastructure,http://www.politico.com/transportation
"
            ,
            ",#
Already a Pro?,https://www.politicopro.com/
Why Go Pro?,http://www.politico.com/pro
"
            ,
            ",#
"
            ,
            ",#
Account Details,https://secure.politico.com/settings
Log In,https://login.politico.com/_login?base=http%3A%2F%2Fwww.politico.com&redirect=/_login&logout=/_logout&lRedirect=true&sRedirect=&js=false
Log Out,https://login.politico.com/_logout?base=http%3A%2F%2Fwww.politico.com&redirect=/_logout&js=false
"
    ,
 ",#
Europe Edition,http://www.politico.eu
POLITICO Media ,http://www.politico.com/media
POLITICO Florida ,http://www.politico.com/states/florida
POLITICO New Jersey ,http://www.politico.com/states/new-jersey
POLITICO New York ,http://www.politico.com/states/new-york
Congress,http://www.politico.com/congress
White House,http://www.politico.com/white-house
Magazine,http://www.politico.com/magazine/
The Agenda,http://www.politico.com/agenda/
Latest Election Results ,http://www.politico.com/2016-election/results/map/president
POLITICO Live Home,http://www.politico.com/live-events
Upcoming Events,http://www.politico.com/live-events/upcoming
Previous Events,http://www.politico.com/live-events/previous
About POLITICO Live,http://www.politico.com/live-events/about
All Video,http://www.politico.com/video
POLITICO Podcasts,http://www.politico.com/podcasts
Playback ,http://www.politico.com/news/playback
Playbook Plus,http://www.politico.com/playbook-plus
Roger Simon,http://www.politico.com/news/simon-says
On Media,http://www.politico.com/blogs/media
Josh Gerstein,http://www.politico.com/blogs/under-the-radar
Rich Lowry ,http://www.politico.com/magazine/tag/rich-lowry
45 Presidential Tracker,http://www.politico.com/blogs/donald-trump-administration
What Works,http://www.politico.com/magazine/what-works/
Women Rule ,http://www.politico.com/WomenRule
POLITICO Caucus ,http://www.politico.com/caucus
Agenda 2020,http://www.politico.com/agenda/issue/agenda-2020-november-2016
The First 100 Days: Trade,http://www.politico.com/agenda/issue/100-days-trade
"
                         
                    ",http://www.politico.com/story/2017/04/gorsuch-senate-democrats-236797
Democrats close in on 41 votes to block Gorsuch,http://www.politico.com/story/2017/04/gorsuch-senate-democrats-236797
Seung Min Kim,http://www.politico.com/staff/seung-min-kim
How Democrats intend to vote on the Gorsuch filibuster,http://www.politico.com/story/2017/04/democrats-neil-gorsuch-filibuster-236805
"

                             
                        ",http://www.politico.com/magazine/story/2017/04/why-republicans-cant-find-the-big-voter-fraud-conspiracy-214972
Why Republicans can’t find the big voter fraud conspiracy,http://www.politico.com/magazine/story/2017/04/why-republicans-cant-find-the-big-voter-fraud-conspiracy-214972
"
                             
                        ",http://www.politico.com/story/2017/04/white-house-tax-reform-push-236767
White House throws itself into uncertain tax reform push,http://www.politico.com/story/2017/04/white-house-tax-reform-push-236767
"
                             
                        ",http://www.politico.com/story/2017/04/john-kasich-2020-buzz-236785
Kasich moves fuel 2020 buzz,http://www.politico.com/story/2017/04/john-kasich-2020-buzz-236785
"
                            ",http://www.politico.com/playbook
Most Recent Issue,http://www.politico.com/playbook
Archives,http://www.politico.com/tipsheets/playbook/archive
,http://www.politico.com/story/2017/04/donnelly-becomes-third-democrat-to-back-gorsuch-236798
Donnelly becomes third Dem to back Gorsuch; Tester to vote no,http://www.politico.com/story/2017/04/donnelly-becomes-third-democrat-to-back-gorsuch-236798
Florida Democrat embarks early on second try at unseating Ros-Lehtinen,http://www.politico.com/states/florida/story/2017/04/democrat-embarks-early-on-second-congressional-campaign-to-unseat-ros-lehtinen-110931
Lawsuit claiming Trump incited violence advances,http://www.politico.com/story/2017/04/trump-incitement-violence-lawsuit-236802
Trump: 'I don't lose',http://www.politico.com/story/2017/04/trump-obamacare-repeal-236799
Schiff skeptical of Flynn's request for immunity,http://www.politico.com/story/2017/04/schiff-skeptical-of-flynns-request-for-immunity-236795
McCain: Nunes 'killed' bipartisan Russia investigation,http://www.politico.com/story/2017/04/mccain-nunes-russia-236793
Freedom Caucus' Jordan responds to Trump primary threat,http://www.politico.com/story/2017/04/freedom-caucus-trump-obamacare-primary-236794
Pruitt clarifies on climate change,http://www.politico.com/story/2017/04/pruitt-epa-climate-change-236790
Trump in tweets: Obamacare repeal is still possible,http://www.politico.com/story/2017/04/trump-repeal-replace-obamacare-236786
,http://www.politico.com/story/2017/04/michael-flynn-financial-disclosures-rt-russia-today-236783
More Flynn omissions as White House discloses Russia Today payment,http://www.politico.com/story/2017/04/michael-flynn-financial-disclosures-rt-russia-today-236783
Darren Samuelsohn,http://www.politico.com/staff/darren-samuelsohn
Bryan Bender,http://www.politico.com/staff/bryan-bender
Speier on Nunes controversy:  'Absolutely convinced it started in the Oval Office',http://www.politico.com/story/2017/04/jackie-speier-devin-nunes-intelligence-white-house-trump-236784
Carla Marinucci,http://www.politico.com/staff/carla-marinucci
Haley: Trump 'not stopping me from beating up on Russia',http://www.politico.com/story/2017/04/nikki-haley-trump-russia-united-nations-236781
Rebecca Morin,http://www.politico.com/staff/rebecca-morin
Schiff slams White House after reviewing controversial intelligence,http://www.politico.com/story/2017/03/adam-schiff-white-house-intelligence-236761
Austin Wright,http://www.politico.com/staff/austin-wright
,http://www.politico.com/story/2017/04/china-money-transfer-treasury-ant-financial-moneygram-236773
Chinese grab for U.S. money transfer giant sets off alarms,http://www.politico.com/story/2017/04/china-money-transfer-treasury-ant-financial-moneygram-236773
Bryan Bender,http://www.politico.com/staff/bryan-bender
,http://www.politico.com/story/2017/04/michael-bennet-neil-gorsuch-colorado-scotus-236766
Bennet struggles for middle ground amid Gorsuch war,http://www.politico.com/story/2017/04/michael-bennet-neil-gorsuch-colorado-scotus-236766
Seung Min Kim,http://www.politico.com/staff/seung-min-kim
How Democrats intend to vote on the Gorsuch filibuster,http://www.politico.com/story/2017/04/democrats-neil-gorsuch-filibuster-236805
Seung Min Kim,http://www.politico.com/staff/seung-min-kim
Elana Schor,http://www.politico.com/staff/elana-schor
Liberals taste victory no matter Gorsuch outcome,http://www.politico.com/story/2017/03/liberal-activists-filibuster-neil-gorsuch-236727
Elana Schor,http://www.politico.com/staff/elana-schor
,http://www.politico.com/story/2017/04/jared-kushner-white-house-influence-236758
Kushner’s privileged status stokes resentment in White House ,http://www.politico.com/story/2017/04/jared-kushner-white-house-influence-236758
Josh Dawsey,http://www.politico.com/staff/josh-dawsey
Kenneth P. Vogel,http://www.politico.com/staff/kenneth-p-vogel
Alex Isenstadt,http://www.politico.com/staff/alex-isenstadt
,http://www.politico.com/story/2017/04/trump-sisi-egypt-white-house-236782
White House,http://www.politico.com/white-house
Trump to welcome Egypt’s dictator,http://www.politico.com/story/2017/04/trump-sisi-egypt-white-house-236782
Michael Crowley,http://www.politico.com/staff/michael-crowley
,http://www.politico.com/magazine/story/2017/04/donald-trumps-fictional-america-post-fact-venezuela-214973
THE BIG IDEA,http://www.politico.com/magazine/tag/the-big-idea
Donald Trump’s fictional America,http://www.politico.com/magazine/story/2017/04/donald-trumps-fictional-america-post-fact-venezuela-214973
How a telecom-tech alliance wiped out FCC's privacy rules,http://www.politico.com/story/2017/03/broadband-data-victory-republicans-236760
Alex Byers,http://www.politico.com/staff/alex-byers
,http://www.politico.com/story/2017/03/white-house-staff-financial-disclosures-236765
Bannon earned more than half a million dollars from entities tied to GOP donors,http://www.politico.com/story/2017/03/white-house-staff-financial-disclosures-236765
Josh Gerstein,http://www.politico.com/staff/josh-gerstein
Darren Samuelsohn,http://www.politico.com/staff/darren-samuelsohn
White House staff financial disclosures: A deeper dive into the forms,http://www.politico.com/story/2017/03/white-house-staff-financial-disclosure-forms-236770
"
                                ,
                                most read",?tab=most-read
,http://www.politico.com/story/2017/04/john-kasich-2020-buzz-236785
Kasich moves fuel 2020 buzz,http://www.politico.com/story/2017/04/john-kasich-2020-buzz-236785
Donald Trump’s Fictional America,http://www.politico.com/magazine/story/2017/04/donald-trumps-fictional-america-post-fact-venezuela-214973
Why Republicans Can’t Find the Big Voter Fraud Conspiracy,http://www.politico.com/magazine/story/2017/04/why-republicans-cant-find-the-big-voter-fraud-conspiracy-214972
White House throws itself into uncertain tax reform push,http://www.politico.com/story/2017/04/white-house-tax-reform-push-236767
Trump: 'I don't lose',http://www.politico.com/story/2017/04/trump-obamacare-repeal-236799
Politico Tipsheets,http://www.politico.com/tipsheets
"

                                    ,
                                ",http://www.politico.com/tipsheets/playbook-power-briefing
"

                                    ,
                                ",http://www.politico.com/playbook
"

                                    ,
                                ",http://www.politico.com/tipsheets/morning-money
"

                                    ,
                                ",http://www.politico.com/tipsheets/morning-ehealth
"

                                    ,
                                ",http://www.politico.com/media/tipsheets/morning-media
"

                                    ,
                                ",http://www.politico.com/tipsheets/huddle
"

                                    ,
                                ",http://www.politico.com/tipsheets/morning-defense
"

                                    ,
                                ",http://www.politico.com/tipsheets/california-playbook
"

                                    ,
                                ",http://www.politico.com/tipsheets/morning-shift
"

                                    ,
                                ",http://www.politico.com/tipsheets/politico-influence
"

                                    ,
                                ",http://www.politico.com/tipsheets/illinois-playbook
"

                                    ,
                                ",http://www.politico.com/tipsheets/new-jersey-playbook
"

                                    ,
                                ",http://www.politico.com/tipsheets/massachusetts-playbook
"

                                    ,
                                ",http://www.politico.com/tipsheets/florida-playbook
"

                                    ,
                                ",http://www.politico.com/tipsheets/new-york-playbook
"

                                    ,
                                ",http://www.politico.com/tipsheets/morning-agriculture
"

                                    ,
                                ",http://www.politico.com/tipsheets/morning-cybersecurity
LEARN MORE »,http://www.nytimes.com/content/help/site/ie9-support.html
"

                                    ,
                                ",http://www.politico.com/tipsheets/morning-education
"

                                    ,
                                ",http://www.politico.com/tipsheets/morning-energy
"

                                    ,
                                ",http://www.politico.com/tipsheets/morning-score
"

                                    ,
                                ",http://www.politico.com/tipsheets/morning-tax
"

                                    ,
                                ",http://www.politico.com/tipsheets/morning-tech
"

                                    ,
                                ",http://www.politico.com/tipsheets/morning-trade
"

                                    ,
                                ",http://www.politico.com/tipsheets/morning-transportation
"

                                    ,
                                ",http://www.politico.com/tipsheets/prescription-pulse
Skip to content,#top-news
Skip to navigation,#site-index-navigation
中文 (Chinese),http://cn.nytimes.com
Español,http://www.nytimes.com/es/
"
    ,

",http://www.nytimes.com/
Today’s Paper,http://www.nytimes.com/pages/todayspaper/index.html
Video,http://www.nytimes.com/video
World,https://www.nytimes.com/pages/world/index.html
U.S.,https://www.nytimes.com/pages/national/index.html
Politics,https://www.nytimes.com/pages/politics/index.html
N.Y.,https://www.nytimes.com/pages/nyregion/index.html
Business,https://www.nytimes.com/pages/business/index.html
Business,https://www.nytimes.com/pages/business/international/index.html
Opinion,https://www.nytimes.com/pages/opinion/index.html
Opinion,https://www.nytimes.com/pages/opinion/international/index.html
Tech,https://www.nytimes.com/pages/technology/index.html
See all of today's POLITICO Tipsheets >>,http://www.politico.com/tipsheets
,http://www.politico.com/tipsheets/playbook/archive
"
                                ",http://www.politico.com/playbook
" 
                                ,
                                ,
                            ",http://www.politico.com/magazine/
,http://www.politico.com/magazine/story/2017/03/the-syrian-rebel-who-built-an-islamic-paradise-214969
The Friday Cover,http://www.politico.com/magazine/tag/the-friday-cover
The Syrian Rebel Who Tried to Build an Islamist Paradise,http://www.politico.com/magazine/story/2017/03/the-syrian-rebel-who-built-an-islamic-paradise-214969
,http://www.politico.com/magazine/story/2017/03/tomi-lahren-tv-trump-214966
Fourth Estate,http://www.politico.com/magazine/tag/fourth-estate
Tomi Lahren Was Made for the Trump Era,http://www.politico.com/magazine/story/2017/03/tomi-lahren-tv-trump-214966
,http://www.politico.com/magazine/story/2017/03/when-america-toes-moscows-line-214970
Washington And The World,http://www.politico.com/magazine/tag/washington-and-the-world
When America Toes Moscow’s Line,http://www.politico.com/magazine/story/2017/03/when-america-toes-moscows-line-214970
,http://www.politico.com/magazine/story/2017/03/palestine-donald-trump-husam-zomlot-214971
Washington and the World,http://www.politico.com/magazine/tag/washington-and-the-world
Palestine’s Man in Washington,http://www.politico.com/magazine/story/2017/03/palestine-donald-trump-husam-zomlot-214971
,http://www.politico.com/magazine/story/2017/03/25th-amendment-trump-cabinet-remove-office-president-fantasy-214965
1600 Penn,http://www.politico.com/magazine/tag/1600-penn
Science,https://www.nytimes.com/section/science
Health,https://www.nytimes.com/pages/health/index.html
Sports,https://www.nytimes.com/pages/sports/index.html
Sports,https://www.nytimes.com/pages/sports/international/index.html
Arts,https://www.nytimes.com/pages/arts/index.html
Arts,https://www.nytimes.com/pages/arts/international/index.html
Style,https://www.nytimes.com/pages/fashion/index.html
Style,https://www.nytimes.com/pages/style/international/index.html
Food,https://www.nytimes.com/pages/dining/index.html
Food,https://www.nytimes.com/pages/dining/international/index.html
Travel,https://www.nytimes.com/section/travel
Magazine,https://www.nytimes.com/pages/magazine/index.html
T Magazine,https://www.nytimes.com/section/t-magazine
A Liberal Fantasy Ripped from a Hollywood Script,http://www.politico.com/magazine/story/2017/03/25th-amendment-trump-cabinet-remove-office-president-fantasy-214965
,http://www.politico.com/magazine/story/2017/03/when-is-it-ok-for-democrats-to-work-with-trump-a-handy-guide-214964
Politics,http://www.politico.com/magazine/tag/politics
When Is It OK for Democrats to Work With Trump? A Handy Guide,http://www.politico.com/magazine/story/2017/03/when-is-it-ok-for-democrats-to-work-with-trump-a-handy-guide-214964
,http://www.politico.com/magazine/story/2017/03/how-the-sanctions-are-helping-putin-214963
How the Sanctions Are Helping Putin,http://www.politico.com/magazine/story/2017/03/how-the-sanctions-are-helping-putin-214963
,http://www.politico.com/story/2017/04/mcconnell-gorsuch-supreme-court-236787
McConnell: 'Gorsuch is going to be confirmed' one way or the other,http://www.politico.com/story/2017/04/mcconnell-gorsuch-supreme-court-236787
Theodoric Meyer,http://www.politico.com/staff/theodoric-meyer
Grassley presses Justice Dept. on Russian ties to firm behind Trump dossier,http://www.politico.com/story/2017/03/chuck-grassley-trump-russia-dossier-justice-department-236768
Isaac Arnsdorf,http://www.politico.com/staff/isaac-arnsdorf
GOP scrambles to head off special election disaster,http://www.politico.com/story/2017/03/georgia-special-election-tom-price-seat-jon-ossoff-236703
Elena Schneider,http://www.politico.com/staff/elena-schneider
,http://www.politico.com/agenda/story/2017/03/changed-position-sanctuary-cities-trump-000386
Why I changed my mind on 'sanctuary' cities,http://www.politico.com/agenda/story/2017/03/changed-position-sanctuary-cities-trump-000386
The Trump administration’s misleading embrace of ‘evidence’,http://www.politico.com/agenda/story/2017/03/the-trump-administrations-misleading-embrace-of-evidence-000385
The hidden impact of Trump’s energy executive order,http://www.politico.com/agenda/story/2017/03/the-hidden-impact-of-trumps-energy-executive-order-000384
Real Estate,https://www.nytimes.com/section/realestate
China Finds the Way to Trump Is Through His Son-in-Law,https://www.nytimes.com/2017/04/02/us/politics/trump-china-jared-kushner.html
"Trump Duo, Now in White House, Can’t Avoid Conflict Laws",https://www.nytimes.com/2017/04/01/us/politics/ivanka-trump-jared-kushner-conflicts-business-empire.html
Disclosures of Aides Show Lucrative Side of Political Work,https://www.nytimes.com/2017/04/02/us/politics/trump-aides-disclosures-reveal-explosion-in-lucrative-political-work.html
Here’s What Administration Officials Are Worth,https://www.nytimes.com/interactive/2017/04/01/us/politics/how-much-people-in-the-trump-administration-are-worth-financial-disclosure.html
The Disclosures: Highlights,https://www.nytimes.com/2017/04/01/us/politics/white-house-wealth-cohn-kushner-spicer.html
Another Democrat Lends Support to Gorsuch Nomination,https://www.nytimes.com/2017/04/02/us/politics/gorsuch-supreme-court-democrats.html
"In Ohio County That Backed Trump, Fear Over Housing Cuts",https://www.nytimes.com/2017/04/02/us/politics/trump-housing-budget-cuts.html
Changes in Policing Take Hold in a Dangerous City,https://www.nytimes.com/2017/04/02/nyregion/camden-nj-police-shootings.html
"
    ,
",https://www.nytimes.com/video/nyregion/100000005000271/in-one-crime-ridden-city-police-try-a-new-tactic-patience.html
Bill O’Reilly Thrives as Harassment Settlements Add Up,https://www.nytimes.com/2017/04/01/business/media/bill-oreilly-sexual-harassment-fox-news.html
,https://www.nytimes.com/2017/04/01/business/media/bill-oreilly-sexual-harassment-fox-news.html
,https://www.nytimes.com/2017/04/01/business/media/bill-oreilly-sexual-harassment-fox-news.html?hp&target=comments#commentsContainer
The Daily 360,http://www.nytimes.com/video/the-daily-360
"
    ,
",https://www.nytimes.com/video/world/africa/100000004735472/chimp-selfie-360-kenya-sanctuary.html
"
        ,
    ",/video/the-daily-360
Got a confidential news tip?,https://www.nytimes.com/tips
,https://www.nytimes.com/tips
Danny Vinik,http://www.politico.com/staff/danny-vinik
,http://www.politico.com/video/2017/03/trump-doesnt-sign-his-executive-order-062852
Trump doesn't sign his executive order ,http://www.politico.com/video/2017/03/trump-doesnt-sign-his-executive-order-062852
Week In Review,http://www.politico.com/video/2017/03/week-in-review-062851
Playback: Ivanka Trump is in the White House,http://www.politico.com/video/2017/03/playback-ivanka-trump-is-in-the-white-house-062845
Chaffetz: ‘Very mysterious’ why Flynn suddenly wants immunity,http://www.politico.com/video/2017/03/chaffetz-very-mysterious-why-flynn-suddenly-wants-immunity-062846
,http://www.politico.com/story/2017/03/white-house-reshuffle-health-care-236772
White House ponders reorganization after health care debacle,http://www.politico.com/story/2017/03/white-house-reshuffle-health-care-236772
Alex Isenstadt,http://www.politico.com/staff/alex-isenstadt
Shane Goldmacher,http://www.politico.com/staff/shane-goldmacher
,https://www.nytimes.com/interactive/2017/04/02/technology/uber-drivers-psychological-tricks.html
How Uber Uses Psychological Tricks to Push Its Drivers’ Buttons,https://www.nytimes.com/interactive/2017/04/02/technology/uber-drivers-psychological-tricks.html
,https://www.nytimes.com/2017/04/02/briefing/ivanka-trump-colombia-xi-jinping.html
Your Morning Briefing,https://www.nytimes.com/2017/04/02/briefing/ivanka-trump-colombia-xi-jinping.html
Smarter Living,http://www.nytimes.com/spotlight/times-tips?contentCollection=smarter-living
How Ancestral Climates May Have Shaped Your Nose,https://www.nytimes.com/2017/03/16/science/ancestral-climates-may-have-shaped-your-nose.html
,https://www.nytimes.com/2017/03/16/science/ancestral-climates-may-have-shaped-your-nose.html
"The Best TV Shows and Movies New to Netflix, Amazon and More in April",https://www.nytimes.com/2017/03/31/watching/new-on-netflix-hbo-amazon-prime-hulu-april.html
,https://www.nytimes.com/2017/03/31/watching/new-on-netflix-hbo-amazon-prime-hulu-april.html
"The Playlist: Mary J. Blige Sings of Self-Empowerment, Kendrick Lamar Raps About Power",https://www.nytimes.com/2017/03/31/arts/music/playlist-mary-j-blige-kendrick-lamar-mavis-staples.html
"
            ,
            ,
            ,
          ",https://open.spotify.com/track/6PxRKrLJmXP1JLnSLoUX8W
"
            ,
            ,
            ,
          ",https://open.spotify.com/track/31c9IHwCIONmUYW0jL7Riz
"
            ,
            ,
            ,
          ",https://open.spotify.com/track/1N90cV79gbBgO0bOs74Y0t
"
            ,
            ,
            ,
          ",https://open.spotify.com/track/61Wk80RfKhnMKZAzHwl9O8
"
            ,
            ,
            ,
          ",https://open.spotify.com/track/1Wcz0qobfwRpWUj4irlQuJ
"
            ,
            ,
            ,
          ",https://open.spotify.com/track/1qYXz8PcrDJgrEqfd7Nhrb
"
            ,
            ,
            ,
          ",https://open.spotify.com/track/55pNszVMcUihp8jYrca8o3
Trump: Flynn should seek immunity in Russia probe ‘witch hunt’,http://www.politico.com/story/2017/03/donald-trump-michael-flynn-immunity-russia-236745
Louis Nelson,http://www.politico.com/staff/louis-nelson
Trump’s team eager to woo Democrats on tax reform,http://www.politico.com/story/2017/03/trump-tax-reform-democrats-236725
Josh Dawsey,http://www.politico.com/staff/josh-dawsey
,http://www.politico.com/story/2017/03/texas-dems-orourke-236722
Democrats aim to take out Cruz in 2018 ,http://www.politico.com/story/2017/03/texas-dems-orourke-236722
Burgess Everett,http://www.politico.com/staff/burgess-everett
Heather Caygle,http://www.politico.com/staff/heather-caygle
Trump aide accused of Hatch Act violation after urging Amash primary challenge ,http://www.politico.com/story/2017/04/dan-scavino-justin-amash-liability-trump-freedom-caucus-236780
Darren Samuelsohn,http://www.politico.com/staff/darren-samuelsohn
Rebecca Morin,http://www.politico.com/staff/rebecca-morin
Democrats burned by polling blind spot,http://www.politico.com/story/2017/03/democrats-trump-polling-236560
Steven Shepard,http://www.politico.com/staff/steven-shepard
,http://www.politico.eu/article/germany-pushes-back-on-donald-trump-nato-demands-angela-merkel/
Germany pushes back on Trump’s NATO demands,http://www.politico.eu/article/germany-pushes-back-on-donald-trump-nato-demands-angela-merkel/
Spain won't block Scottish EU membership,http://www.politico.eu/article/spain-wont-block-scottish-eu-membership/
"Tillerson denounces Russia, reminds NATO allies on spending",http://www.politico.eu/article/tillerson-denounces-russia-reminds-nato-allies-on-spending/
,http://www.politico.com/story/2017/03/politics-podcast-nerdcast-neil-gorsuch-freedom-caucus-devin-nunes-236747
Nerdcast: Is the Senate headed for the ‘nuclear option’?,http://www.politico.com/story/2017/03/politics-podcast-nerdcast-neil-gorsuch-freedom-caucus-devin-nunes-236747
,http://www.politico.com/story/2017/03/trump-freedom-caucus-obamacare-repeal-replace-secret-pact-236507
"
            ,
            ,
            ,
          ",https://open.spotify.com/track/6zLdXcmvIxnAXpz9sXFnIE
"
            ,
            ,
            ,
          ",https://open.spotify.com/track/6xcZLlEIvpK2oVsVl9opts
"
            ,
            ,
            ,
          ",https://open.spotify.com/track/7Jl5oexb0IKsDfpnuUfYui
"
      ,
      ,
    ",https://www.nytimes.com/DesktopHome
,https://www.nytimes.com/2017/04/01/style/style-on-taipeis-streets-a-brando-look-and-a-lot-of-berets.html
How a secret Freedom Caucus pact brought down Obamacare repeal,http://www.politico.com/story/2017/03/trump-freedom-caucus-obamacare-repeal-replace-secret-pact-236507
,http://www.politico.com/magazine/story/2017/03/masha-gessen-the-full-transcript-214927
Is Russiagate a Conspiracy Theory?,http://www.politico.com/magazine/story/2017/03/masha-gessen-the-full-transcript-214927
,http://www.politico.com/story/2017/03/roger-stone-they-have-no-proof-236526
Roger Stone: ‘They have no proof’,http://www.politico.com/story/2017/03/roger-stone-they-have-no-proof-236526
,http://www.politico.com/womenrule/podcasts
‘None of us got here by being Namby Pamby’,http://www.politico.com/womenrule/podcasts
,http://www.politico.com/magazine/story/2017/03/train-line-minneapolis-st-paul-streetcar-light-rail-214920
The Train Line That Brought the Twin Cities Back Together,http://www.politico.com/magazine/story/2017/03/train-line-minneapolis-st-paul-streetcar-light-rail-214920
The Print Issue,http://www.politico.com/magazine/table-of-contents-archive
 Wuerker Drawings,http://www.politico.com/gallery/2017/03/matt-wuerker-cartoons-march-2017-002411
,http://www.politico.com/gallery/2017/03/matt-wuerker-cartoons-march-2017-002411
"
                ,
            ",http://www.politico.com/
POLITICO Home,http://www.politico.com/
Magazine,http://www.politico.com/magazine/
2016 Elections,http://www.politico.com/2016-election/results/map/president
Congress ,http://www.politico.com/congress
Style on Taipei’s Streets: A Brando Look and a Lot of Berets,https://www.nytimes.com/2017/04/01/style/style-on-taipeis-streets-a-brando-look-and-a-lot-of-berets.html
Hushed Departure Exposes Fault Lines in Met Management,https://www.nytimes.com/2017/04/02/arts/design/met-museum-campbell-resignation-brodsky-coburn.html
,https://www.nytimes.com/2017/04/02/arts/design/met-museum-campbell-resignation-brodsky-coburn.html
Meet the Reporter Spicer Told to ‘Stop Shaking Your Head’,https://www.nytimes.com/2017/03/31/business/media/april-ryan-white-house-spicer-trump.html
,https://www.nytimes.com/2017/03/31/business/media/april-ryan-white-house-spicer-trump.html
"N.C.A.A. Tournament
",https://www.nytimes.com/section/sports/ncaabasketball
South Carolina Defeats Mississippi State to Win Title,https://www.nytimes.com/2017/04/02/sports/ncaabasketball/south-carolina-mississippi-state-ncaa-womens.html
,https://www.nytimes.com/2017/04/02/sports/ncaabasketball/south-carolina-mississippi-state-ncaa-womens.html
N.C.A.A. Men: Gonzaga Earns Chance to Prove Elite Status,https://www.nytimes.com/2017/04/02/sports/ncaabasketball/gonzaga-final-four-north-carolina.html
"On Baseball’s Opening Day, Yankees Stumble Out of Gate",https://www.nytimes.com/2017/04/02/sports/baseball/new-york-yankees-tampa-bay-rays-opening-day.html
,https://www.nytimes.com/2017/04/02/sports/baseball/new-york-yankees-tampa-bay-rays-opening-day.html
Now Batting: 14 New Baseball Books,https://www.nytimes.com/2017/04/02/books/now-batting-14-new-baseball-books.html
A Transgender Student Won Her Battle. Now It’s War.,https://www.nytimes.com/2017/04/02/us/transgender-students-township-illinois.html
,https://www.nytimes.com/2017/04/02/us/transgender-students-township-illinois.html
"Exploited as Children, the Last of the Quintuplets Face a New Indignity",https://www.nytimes.com/2017/04/02/world/canada/ontario-dionne-quintuplets.html
"No ‘Inner City’ Here, Just Overlooked Strengths",https://www.nytimes.com/2017/03/30/nyregion/nadia-lopez-brownsville-brooklyn.html
,https://www.nytimes.com/2017/03/30/nyregion/nadia-lopez-brownsville-brooklyn.html
,https://www.nytimes.com/2017/03/30/nyregion/nadia-lopez-brownsville-brooklyn.html?hp&target=comments#commentsContainer
Video ,http://www.politico.com/video
Podcasts,http://www.politico.com/podcasts
POLITICO Pro ,https://www.politicopro.com/
POLITICO Media,http://www.politico.com/media
POLITICO Florida,http://www.politico.com/states/florida
POLITICO New Jersey,http://www.politico.com/states/new-jersey
POLITICO New York,http://www.politico.com/states/new-york
POLITICO Live ,http://www.politico.com/live-events
Roger Simon,http://www.politico.com/news/roger-simon
On Media,http://www.politico.com/blogs/media
Josh Gerstein ,http://www.politico.com/blogs/under-the-radar
Matt Wuerker,http://www.politico.com/news/matt-wuerker
Rich Lowry ,http://www.politico.com/magazine/tag/rich-lowry
Cartoon Carousel ,http://www.politico.com/tag/cartoon-carousel
The 2016 Blast,http://www.politico.com/tipsheets/the-2016-blast
Playbook,http://www.politico.com/playbook
Huddle,http://www.politico.com/tipsheets/huddle
The Friday Cover,http://www.politico.com/magazine/newsletter
Serbia’s Prime Minister Projected to Win Presidency,https://www.nytimes.com/2017/04/02/world/europe/serbia-aleksandar-vucic-president-elections.html
At Least 9 Civilians Killed as Coalition Strikes Taliban Arsenal,https://www.nytimes.com/2017/04/02/world/asia/afghan-civilians-killed-in-coalition-attack.html
Rescuers Race to Find Survivors of Colombia Mudslide,https://www.nytimes.com/2017/04/02/world/americas/colombia-mudslide-survivors.html
20 Are Hacked and Beaten to Death at Pakistani Shrine,https://www.nytimes.com/2017/04/02/world/asia/pakistan-shrine-massacre.html
"‘The Boss Baby’ Bests ‘Beast,’ Barely, as Box Office No. 1",https://www.nytimes.com/2017/04/02/movies/the-boss-baby-bests-beast-barely-as-box-office-no-1.html
,https://www.nytimes.com/newsletters/the-interpreter
The Interpreter,https://www.nytimes.com/newsletters/the-interpreter
"
                        ,
                 ",https://www.nytimes.com/2017/04/02/arts/design/california-prison-arts.html
Using Art to Transcend Prison Walls,https://www.nytimes.com/2017/04/02/arts/design/california-prison-arts.html
"
                        ,
                 ",https://www.nytimes.com/2017/03/31/arts/television/the-walking-dead-season-7-finale-preview.html
‘Walking Dead’: Another Cliffhanger Season Finale?,https://www.nytimes.com/2017/03/31/arts/television/the-walking-dead-season-7-finale-preview.html
"
                        ,
                 ",https://www.nytimes.com/2017/03/31/nyregion/mimis-manhattan-chicken-delicious.html
A Piano Man of Many Faces,https://www.nytimes.com/2017/03/31/nyregion/mimis-manhattan-chicken-delicious.html
Sunday Review,http://www.nytimes.com/pages/opinion/index.html
Video Games Aren’t Addictive,https://www.nytimes.com/2017/04/01/opinion/sunday/video-games-arent-addictive.html
,https://www.nytimes.com/2017/04/01/opinion/sunday/video-games-arent-addictive.html
First Day of School. Try Not to Stand Out.,https://www.nytimes.com/interactive/2017/04/01/opinion/syrian-refugees-fitting-in-at-school-in-america.html
,https://www.nytimes.com/interactive/2017/04/01/opinion/syrian-refugees-fitting-in-at-school-in-america.html
Editorial: Pick Your Favorite Ethics Offender,https://www.nytimes.com/2017/04/01/opinion/sunday/pick-your-favorite-ethics-offender.html
Influence,http://www.politico.com/tipsheets/politico-influence
Morning Agriculture,http://www.politico.com/tipsheets/morning-agriculture
Morning Cybersecurity,http://www.politico.com/tipsheets/morning-cybersecurity
Morning Defense,http://www.politico.com/tipsheets/morning-defense
Morning Education,http://www.politico.com/tipsheets/morning-education
Morning eHealth,http://www.politico.com/tipsheets/morning-ehealth
Morning Energy,http://www.politico.com/tipsheets/morning-energy
Morning Money,http://www.politico.com/tipsheets/morning-money
Morning Score,http://www.politico.com/tipsheets/morning-score
Morning Shift,http://www.politico.com/tipsheets/morning-shift
Morning Tax,http://www.politico.com/tipsheets/morning-tax
Morning Tech,http://www.politico.com/tipsheets/morning-tech
Morning Trade,http://www.politico.com/tipsheets/morning-trade
Morning Transportation,http://www.politico.com/tipsheets/morning-transportation
Pulse,http://www.politico.com/tipsheets/politico-pulse
Prescription Pulse,http://www.politico.com/tipsheets/prescription-pulse
Agriculture,http://www.politico.com/agriculture
Campaigns,https://www.politicopro.com/campaigns
Cybersecurity,http://www.politico.com/cybersecurity
Defense,http://www.politico.com/defense
,https://www.nytimes.com/2017/04/01/opinion/sunday/finding-growth-at-my-historically-black-college.html
Finding Growth at My Historically Black College,https://www.nytimes.com/2017/04/01/opinion/sunday/finding-growth-at-my-historically-black-college.html
,https://www.nytimes.com/2017/04/01/opinion/sunday/finding-growth-at-my-historically-black-college.html?hp&target=comments#commentsContainer
Bruni: Manhood in the Age of Trump,https://www.nytimes.com/2017/04/01/opinion/sunday/manhood-in-the-age-of-trump.html
Douthat: Trump Needs a Brain,https://www.nytimes.com/2017/04/01/opinion/sunday/trump-needs-a-brain.html
"Kristof: In Trump Country, Shock at Trump Budget Cuts, but Still Loyalty",https://www.nytimes.com/2017/04/01/opinion/sunday/in-trump-country-shock-at-trump-budget-cuts-but-still-loyalty.html
An Expansive View of a Forgotten People,https://www.nytimes.com/2017/03/31/insider/niger-migrants-boko-haram-photography.html
The New York Times vs. the ‘Great Firewall’ of China,https://www.nytimes.com/2017/03/31/insider/the-new-york-times-vs-the-great-firewall-of-china.html
"
        ,
      ",http://www.nytimes.com/section/insider
Times Insider »,http://www.nytimes.com/section/insider
An Expansive View of a Forgotten People,https://www.nytimes.com/2017/03/31/insider/niger-migrants-boko-haram-photography.html
The Crossword »,http://www.nytimes.com/crosswords
Play Today’s Puzzle ,http://www.nytimes.com/crosswords
"
					,
				",http://www.nytimes.com/crosswords
The Crossword »,http://www.nytimes.com/crosswords
Play Today’s Puzzle ,http://www.nytimes.com/crosswords
"
					,
				",http://www.nytimes.com/crosswords
Wordplay »,http://wordplay.blogs.nytimes.com
times,http://www.nytimes.com/video
Education,http://www.politico.com/education
eHealth,http://www.politico.com/ehealth
Energy & Environment,http://www.politico.com/energy-and-environment
Finance & Tax,http://www.politico.com/finance
Health Care,http://www.politico.com/health-care
Employment & Immigration,http://www.politico.com/tag/employment-immigration
Technology,http://www.politico.com/technology
Trade,http://www.politico.com/trade
Transportation & Infrastructure,http://www.politico.com/transportation
About Us,http://www.politico.com/about/
Advertising,http://www.politico.com/about/advertising
Credit Card Payments,https://secure.politico.com/payment
Digital Edition,http://edition.pagesuite-professional.co.uk/Launch.aspx?bypass=true&PBID=74262970-aa07-44b3-80c8-21fa8a8ac376
Employment,http://www.politico.com/employment
FAQ,http://www.politico.com/faq
Feedback,http://www.politico.com/feedback
Headlines,http://www.politico.com/politics
Photos,http://www.politico.com/gallery
POWERJobs,http://www.powerjobs.com/
Press,http://www.politico.com/about/other-brands/politico-states/press
 explore all videos »,http://www.nytimes.com/video?src=vidm
N.Y. / Region,https://www.nytimes.com/section/nyregion
"
            ,
            ,
        ",https://www.nytimes.com/2017/03/30/nyregion/loving-robo-cat-needs-home.html
Sunday Review,https://www.nytimes.com/pages/opinion/index.html#sundayreview
"
            ,
            ,
        ",https://www.nytimes.com/2017/03/31/opinion/sunday/do-millennial-men-want-stay-at-home-wives.html
N.Y. / Region,https://www.nytimes.com/section/nyregion
"
            ,
            ,
        ",https://www.nytimes.com/2017/03/30/nyregion/a-slave-sale-changed-her-retirement-plans.html
Book Review,https://www.nytimes.com/section/books/review
"
            ,
            ,
        ",https://www.nytimes.com/2017/03/31/books/review/world-war-ii-fiction.html
Sunday Review,https://www.nytimes.com/pages/opinion/index.html#sundayreview
"
            ,
            ,
        ",https://www.nytimes.com/2017/04/01/opinion/sunday/abortion-and-the-democrats.html
Times Insider,https://www.nytimes.com/section/insider
"
            ,
            ,
        ",https://www.nytimes.com/2017/03/31/insider/the-new-york-times-vs-the-great-firewall-of-china.html
Art & Design,https://www.nytimes.com/section/arts/design
"
            ,
            ,
        ",https://www.nytimes.com/2017/03/30/arts/design/as-you-take-in-the-paintings-at-moma-watch-out-for-the-piano.html
Sunday Review,https://www.nytimes.com/pages/opinion/index.html#sundayreview
"
            ,
            ,
        ",https://www.nytimes.com/2017/04/01/opinion/sunday/el-salvadors-historic-mining-ban.html
Book Review,https://www.nytimes.com/section/books/review
"
            ,
            ,
        ",https://www.nytimes.com/2017/03/31/books/review/novel-of-the-century-les-miserables-david-bellos.html
Entertainment,https://www.nytimes.com/section/t-magazine/entertainment
Print Subscriptions,http://www.politico.com/subscriptions
RSS/Widgets,http://www.politico.com/rss
Site Map,http://www.politico.com/sitemap
Store,http://www.cafepress.com/thepolitico
Terms of Service,http://www.politico.com/terms-of-service
Privacy Policy,http://www.politico.com/privacy-policy
"
            ,
            ,
        ",https://www.nytimes.com/2017/03/31/t-magazine/entertainment/viggo-mortensen-favorite-books-list.html
Opinion,https://www.nytimes.com/pages/opinion/index.html
"
            ,
            ,
        ",https://www.nytimes.com/interactive/2017/04/01/opinion/syrian-refugees-fitting-in-at-school-in-america.html
Your Money,https://www.nytimes.com/pages/your-money/index.html
"
            ,
            ,
        ",https://www.nytimes.com/2017/03/31/your-money/david-rockefeller-philanthropy.html
World »,http://www.nytimes.com/pages/world/index.html
"

                    ,
        
        ,
    ",https://www.nytimes.com/2017/04/02/world/canada/ontario-dionne-quintuplets.html
"
            20 Are Hacked and Beaten to Death at Pakistani Shrine        ",https://www.nytimes.com/2017/04/02/world/asia/pakistan-shrine-massacre.html
"
            Rescuers and Relatives Race to Find Survivors of Colombia Mudslide        ",https://www.nytimes.com/2017/04/02/world/americas/colombia-mudslide-survivors.html
Business Day »,http://www.nytimes.com/pages/business/index.html
"

                    ,
        
        ,
    ",https://www.nytimes.com/2017/04/02/technology/dyson-british-consumer-electronics-company.html
"
            How Uber Uses Psychological Tricks to Push Its Drivers’ Buttons        ",https://www.nytimes.com/interactive/2017/04/02/technology/uber-drivers-psychological-tricks.html
"
            Facebook Pushes Outside Law Firms to Become More Diverse        ",https://www.nytimes.com/2017/04/02/business/dealbook/facebook-pushes-outside-law-firms-to-become-more-diverse.html
Opinion »,http://www.nytimes.com/pages/opinion/index.html
"

                    ,
        
        ,
    ",https://www.nytimes.com/2017/03/31/opinion/closing-rikers-island-is-a-moral-imperative.html
"
            Editorial: Venezuela’s Descent Into Dictatorship        ",https://www.nytimes.com/2017/03/31/opinion/venezuelas-descent-into-dictatorship.html
"
            Roger Cohen: Donald Trump’s Parrot        ",https://www.nytimes.com/2017/03/31/opinion/donald-trumps-parrot.html
U.S. »,http://www.nytimes.com/section/us
"

                    ,
        
        ,
    ",https://www.nytimes.com/2017/04/01/us/trump-coal-promises.html
"
            Deadline Up, Families Remain in Lead-Contaminated Housing in Indiana        ",https://www.nytimes.com/2017/04/01/us/west-calumet-housing-complex-lead-indiana.html
"
            Opinion: After a Historic March, What’s Next for Women?        ",https://www.nytimes.com/2017/03/31/us/tina-brown-whats-next-for-women.html
Technology »,http://www.nytimes.com/pages/technology/index.html
"

                    ,
        
        ,
    ",https://www.nytimes.com/interactive/2017/04/02/technology/uber-drivers-psychological-tricks.html
"
            Dyson Is the Apple of Appliances (and Just as Secretive)        ",https://www.nytimes.com/2017/04/02/technology/dyson-british-consumer-electronics-company.html
"
            First Words: None of Us Are Safe From Getting ‘Owned’        ",https://www.nytimes.com/2017/03/28/magazine/none-of-us-are-safe-from-getting-owned.html
Arts »,http://www.nytimes.com/pages/arts/index.html
"

                    ,
        
        ,
    ",https://www.nytimes.com/2017/04/02/arts/design/met-museum-campbell-resignation-brodsky-coburn.html
"
            No License Plates Here: Using Art to Transcend Prison Walls        ",https://www.nytimes.com/2017/04/02/arts/design/california-prison-arts.html
"
            Review: John Adams’s ‘Gospel’ Displays an Orchestral Wizard’s Tuneful Ear        ",https://www.nytimes.com/2017/04/02/arts/music/review-john-adamss-gospel-displays-an-orchestral-wizards-tuneful-ear.html
Politics »,http://www.nytimes.com/pages/politics/index.html
"

                    ,
        
        ,
    ",https://www.nytimes.com/2017/04/02/us/politics/trump-aides-disclosures-reveal-explosion-in-lucrative-political-work.html
"
            Gorsuch Supreme Court Nomination Gains More Democratic Support        ",https://www.nytimes.com/2017/04/02/us/politics/gorsuch-supreme-court-democrats.html
"
            In Ohio County That Backed Trump, Word of Housing Cuts Stirs Fear        ",https://www.nytimes.com/2017/04/02/us/politics/trump-housing-budget-cuts.html
Fashion & Style »,http://www.nytimes.com/section/fashion
"

                    ,
        
        ,
    ",https://www.nytimes.com/2017/04/01/style/isabel-rose-transgender-daughter-donald-trump.html
"
            Style on Taipei’s Streets: A Brando Look and a Lot of Berets        ",https://www.nytimes.com/2017/04/01/style/style-on-taipeis-streets-a-brando-look-and-a-lot-of-berets.html
"
            Encounters: Peretti Siblings Share a Sense of Humor, Not Just Genes        ",https://www.nytimes.com/2017/04/01/fashion/jonah-peretti-chelsea-peretti-get-out-buzzfeed-brooklyn-nine-nine.html
Movies »,http://www.nytimes.com/section/movies
"

                    ,
        
        ,
    ",https://www.nytimes.com/2017/04/02/movies/the-boss-baby-bests-beast-barely-as-box-office-no-1.html
"
            Advertising: The Ad Feels a Bit Like Oscar Bait, but It’s Trying to Sell You an iPhone        ",https://www.nytimes.com/2017/04/02/business/media/ads-short-films-shot-on-an-iphone.html
"
            ‘Moonlight’ Wins at Glaad Media Awards        ",https://www.nytimes.com/2017/04/02/arts/moonlight-wins-at-glaad-media-awards.html
New York »,http://www.nytimes.com/section/nyregion
"

                    ,
        
        ,
    ",https://www.nytimes.com/2017/04/02/nyregion/rikers-island-jail-closure-plan.html
"
            First New Ferry Arrives in New York, After Detour in Alligator Country        ",https://www.nytimes.com/2017/04/02/nyregion/new-york-ferry-bill-de-blasio.html
"
            Changes in Policing Take Hold in One of the Nation’s Most Dangerous Cities        ",https://www.nytimes.com/2017/04/02/nyregion/camden-nj-police-shootings.html
Sports »,http://www.nytimes.com/pages/sports/index.html
"

                    ,
        
        ,
    ",https://www.nytimes.com/2017/04/02/sports/ncaabasketball/south-carolina-mississippi-state-ncaa-womens.html
"
            Rays 7, Yankees 3: Yankees Stumble Out of the Gate Again and Fall to the Rays        ",https://www.nytimes.com/2017/04/02/sports/baseball/new-york-yankees-tampa-bay-rays-opening-day.html
"
            On College Basketball: Gonzaga Earns Chance to Prove It Belongs Among Basketball’s Elite        ",https://www.nytimes.com/2017/04/02/sports/ncaabasketball/gonzaga-final-four-north-carolina.html
Theater »,http://www.nytimes.com/pages/theater/index.html
"

                    ,
        
        ,
    ",https://www.nytimes.com/2017/03/31/theater/hairy-ape-review-bobby-cannavale-eugene-oneill.html
"
            Five Must-See Shows if You’re in New York This Month        ",https://www.nytimes.com/2017/04/01/theater/five-must-see-shows-if-youre-in-new-york-this-month.html
"
            Review: Pathos Times Two: A Double Dose of Inge, in Close Quarters        ",https://www.nytimes.com/2017/03/30/theater/picnic-come-back-little-sheba-review-transport-group.html
Science »,http://www.nytimes.com/section/science
"

                    ,
        
        ,
    ",https://www.nytimes.com/2017/03/31/science/crooked-forest-poland-theories.html
"
            ScienceTake: First Clear View of a One-Celled Harpooner in Action        ",https://www.nytimes.com/2017/03/31/science/dinoflagellate-video-one-celled-harpooner.html
"
            Trilobites: A Mysterious Flash From a Faraway Galaxy        ",https://www.nytimes.com/2017/03/31/science/x-ray-burst-outer-space.html
Obituaries »,http://www.nytimes.com/section/obituaries
"

                    ,
        
        ,
    ",https://www.nytimes.com/2017/04/01/world/europe/yevgeny-yevtushenko-dead-dissident-soviet-poet.html
"
            Richard Bolles Dies at 90; Wrote ‘What Color Is Your Parachute?’        ",https://www.nytimes.com/2017/04/01/business/richard-bolles-dead-what-color-is-your-parachute.html
"
            James Rosenquist, Pop Art Pioneer, Dies at 83        ",https://www.nytimes.com/2017/04/01/arts/james-rosenquist-dead-pop-art.html
Television »,http://www.nytimes.com/section/arts/television
"

                    ,
        
        ,
    ",https://www.nytimes.com/2017/03/29/arts/television/in-amcs-western-the-son-the-novelist-philipp-meyer-lassoes-tv.html
"
            Texas TV: From the Sublime to the Ridiculous        ",https://www.nytimes.com/2017/03/29/arts/television/texas-tv-from-the-sublime-to-the-ridiculous.html
"
            Watching: The Best TV Shows and Movies New to Netflix, Amazon and More in April        ",https://www.nytimes.com/interactive/2017/03/31/watching/watching-april-streaming.html
Health »,http://www.nytimes.com/pages/health/index.html
"

                    ,
        
        ,
    ",https://www.nytimes.com/2017/03/29/health/fda-nominee-scott-gottlieb-recuse-conflicts.html
"
            Do DHA Supplements Make Babies Smarter?        ",https://www.nytimes.com/2017/03/30/well/do-dha-supplements-make-babies-smarter.html
"
            F.D.A. Approves First Drug to Treat Severe Multiple Sclerosis        ",https://www.nytimes.com/2017/03/28/health/fda-drug-approved-multiple-sclerosis-ocrevus.html
Travel »,http://www.nytimes.com/section/travel
"

                    ,
        
        ,
    ",https://www.nytimes.com/2017/03/28/travel/beaches-hidden-paradise-in-st-john-virgin-islands.html
"
            Where I Live: My Vancouver: An Ever-Unfolding Story        ",https://www.nytimes.com/2017/04/01/travel/vancouver-british-columbia-canada-unfolding-story-culture.html
"
            36 Hours: 36 Hours in Victoria Falls (Zimbabwe Side)        ",https://www.nytimes.com/interactive/2017/03/30/travel/what-to-do-36-hours-in-victoria-falls-zimbabwe.html
Books »,http://www.nytimes.com/section/books
"

                    ,
        
        ,
    ",https://www.nytimes.com/2017/04/02/books/now-batting-14-new-baseball-books.html
"
            Boom Times for the New Dystopians        ",https://www.nytimes.com/2017/03/30/books/boom-times-for-the-new-dystopians.html
"
            Essay: Arthur Miller’s Writ Against the Death Penalty        ",https://www.nytimes.com/2017/03/28/books/review/luck-and-the-death-penalty.html
Education »,http://www.nytimes.com/section/education
"

                    ,
        
        ,
    ",https://www.nytimes.com/2017/03/29/us/politics/betsy-devos-education-school-choice-voucher.html
"
            College Is the Goal. The Problem? Getting There.        ",https://www.nytimes.com/2017/03/24/us/topeka-college-acceptance-applying-selection.html
"
            Supreme Court Rejects Education Minimum Applied by Gorsuch        ",https://www.nytimes.com/2017/03/22/us/politics/gorsuch-education.html
Food »,http://www.nytimes.com/pages/dining/index.html
"

                    ,
        
        ,
    ",https://www.nytimes.com/2017/03/30/dining/neerob-review-packsun-halal-chicken-bangladesh-food.html
"
            A Good Appetite: Carrots, Striking and Sweet, Have Arrived        ",https://www.nytimes.com/2017/03/31/dining/roasted-carrots-salad-recipe-video.html
"
            Wine School: Your Next Lesson: Lambrusco        ",https://www.nytimes.com/2017/03/30/dining/wine-school-assignment-lambrusco.html
Sunday Review »,http://www.nytimes.com/pages/opinion/index.html#sundayreview
"

                    ,
        
        ,
    ",https://www.nytimes.com/2017/03/31/opinion/sunday/how-scared-should-people-on-the-border-be.html
"
            Editorial: Pick Your Favorite Ethics Offender in Trumpland        ",https://www.nytimes.com/2017/04/01/opinion/sunday/pick-your-favorite-ethics-offender.html
"
            Frank Bruni: Manhood in the Age of Trump        ",https://www.nytimes.com/2017/04/01/opinion/sunday/manhood-in-the-age-of-trump.html
Real Estate »,http://www.nytimes.com/pages/realestate/index.html
"

                    ,
        
        ,
    ",https://www.nytimes.com/2017/03/31/realestate/how-to-avoid-stress-when-youre-moving.html
"
            Exclusive: Tyra Banks’s Mansion in the Sky Is on the Market        ",https://www.nytimes.com/2017/03/31/realestate/tyra-bankss-mansion-in-the-sky-is-on-the-market.html
"
            Ask Real Estate: Dealing with a Mouse Infestation        ",https://www.nytimes.com/2017/04/01/realestate/dealing-with-a-mouse-infestation.html
The Upshot »,http://www.nytimes.com/section/upshot
"

                    ,
        
        ,
    ",https://www.nytimes.com/2017/03/31/upshot/obamacare-choices-could-go-from-one-to-zero-in-some-areas.html
"
            Economic View: Caution Signals Are Blinking for the Trump Bull Market        ",https://www.nytimes.com/2017/03/31/upshot/trump-bull-market-stocks.html
"
            Trade Talks: Will Trump Go After Nafta With Tweezers or a Hammer?        ",https://www.nytimes.com/2017/01/25/upshot/what-can-trump-do-to-overhaul-nafta-quite-a-lot.html
Magazine »,http://www.nytimes.com/section/magazine
"

                    ,
        
        ,
    ",https://www.nytimes.com/2017/03/26/magazine/trump-vs-congress-now-what.html
"
            Feature: The High Price of Leaving Ultra-Orthodox Life        ",https://www.nytimes.com/2017/03/30/magazine/the-high-price-of-leaving-ultra-orthodox-life.html
"
            Feature: Those Indecipherable Medical Bills? They’re One Reason Health Care Costs So Much.        ",https://www.nytimes.com/2017/03/29/magazine/those-indecipherable-medical-bills-theyre-one-reason-health-care-costs-so-much.html
Automobiles »,http://www.nytimes.com/pages/automobiles/index.html
"

                    ,
        
        ,
    ",https://www.nytimes.com/2017/03/30/business/volkswagen-diesel-penalties.html
"
            Driven: Video Review: Acura NSX, a Supercar in Almost All Ways        ",https://www.nytimes.com/2017/03/30/automobiles/autoreviews/acura-nsx.html
"
            Wheels: As Auto Prices Rise, Used Cars Are Looking Shinier        ",https://www.nytimes.com/2017/03/30/automobiles/wheels/consumers-used-cars.html
T Magazine »,http://www.nytimes.com/section/t-magazine
"

                    ,
        
        ,
    ",https://www.nytimes.com/interactive/2016/08/08/t-magazine/anna-wintour-garden-miranda-brooks.html
"
            Martin Margiela Comes Back Into the Spotlight (Not That He Ever Left)        ",https://www.nytimes.com/2017/03/31/t-magazine/margiela-hermes-exhibition-antwerp.html
"
            My Bookshelf, Myself: My 10 Favorite Books: Viggo Mortensen        ",https://www.nytimes.com/2017/03/31/t-magazine/entertainment/viggo-mortensen-favorite-books-list.html
Times Insider »,http://www.nytimes.com/section/insider
"

                    ,
        
        ,
    ",https://www.nytimes.com/2017/04/02/insider/james-wagner-baseball-spanish.html
"
            An Expansive View of a Forgotten People        ",https://www.nytimes.com/2017/03/31/insider/niger-migrants-boko-haram-photography.html
"
            Reporting the Reporting, Step by Step        ",https://www.nytimes.com/2017/03/31/insider/mayor-claar-bolingbrook-julie-bosman.html
Real Estate »,https://www.nytimes.com/section/realestate
Dealing with a Mouse Infestation,https://www.nytimes.com/2017/04/01/realestate/dealing-with-a-mouse-infestation.html
,https://www.nytimes.com/2017/04/01/realestate/dealing-with-a-mouse-infestation.html
,https://www.nytimes.com/2017/04/01/realestate/dealing-with-a-mouse-infestation.html?hp&target=comments#commentsContainer
Search for Homes for Sale or Rent,http://www.nytimes.com/real-estate/find-a-home
Sell Your Home,http://realestateads.nytimes.com/
Most Emailed,http://www.nytimes.com/gst/mostemailed.html
Most Viewed,http://www.nytimes.com/gst/mostpopular.html
Trending,http://www.nytimes.com/trending/
Recommended for you,http://www.nytimes.com/recommendations
Go to Home Page »,http://www.nytimes.com/
"
                ,
            ",http://www.nytimes.com/
World,https://www.nytimes.com/pages/world/index.html
U.S.,https://www.nytimes.com/pages/national/index.html
Politics,https://www.nytimes.com/pages/politics/index.html
N.Y.,https://www.nytimes.com/pages/nyregion/index.html
Business,https://www.nytimes.com/pages/business/index.html
Tech,https://www.nytimes.com/pages/technology/index.html
Science,https://www.nytimes.com/section/science
Health,https://www.nytimes.com/pages/health/index.html
Sports,https://www.nytimes.com/pages/sports/index.html
Education,https://www.nytimes.com/pages/education/index.html
Obituaries,https://www.nytimes.com/pages/obituaries/index.html
Today's Paper,https://www.nytimes.com/pages/todayspaper/index.html
Corrections,https://www.nytimes.com/pages/corrections/index.html
Today's Opinion,https://www.nytimes.com/pages/opinion/index.html
Op-Ed Columnists,https://www.nytimes.com/pages/opinion/index.html#columnists
Editorials,https://www.nytimes.com/pages/opinion/index.html#editorials
Contributing Writers,https://www.nytimes.com/pages/opinion/index.html#contributing
Op-Ed Contributors,https://www.nytimes.com/pages/opinion/index.html#op-ed
Opinionator,https://www.nytimes.com/pages/opinion/index.html#opinionator
Letters,https://www.nytimes.com/pages/opinion/index.html#letters
Sunday Review,https://www.nytimes.com/pages/opinion/index.html#sundayreview
Taking Note,https://www.nytimes.com/pages/opinion/index.html#takingNote
Room for Debate,https://www.nytimes.com/roomfordebate
Public Editor,http://topics.nytimes.com/top/opinion/thepubliceditor/index.html
Video: Opinion,https://www.nytimes.com/video/opinion
Today's Arts,https://www.nytimes.com/pages/arts/index.html
Art & Design,https://www.nytimes.com/pages/arts/design/index.html
Books,https://www.nytimes.com/pages/books/index.html
Dance,https://www.nytimes.com/pages/arts/dance/index.html
Movies,https://www.nytimes.com/pages/movies/index.html
Music,https://www.nytimes.com/pages/arts/music/index.html
N.Y.C. Events Guide,https://www.nytimes.com/events/
Television,https://www.nytimes.com/pages/arts/television/index.html
Theater,https://www.nytimes.com/pages/theater/index.html
Video: Arts,https://www.nytimes.com/video/arts
Automobiles,https://www.nytimes.com/pages/automobiles/index.html
Crossword,https://www.nytimes.com/crosswords/
Food,https://www.nytimes.com/pages/dining/index.html
Education,https://www.nytimes.com/pages/education/index.html
Fashion & Style,https://www.nytimes.com/pages/fashion/index.html
Health,https://www.nytimes.com/pages/health/index.html
Jobs,https://www.nytimes.com/section/jobs
Magazine,https://www.nytimes.com/pages/magazine/index.html
N.Y.C. Events Guide,https://www.nytimes.com/events/
Real Estate,https://www.nytimes.com/section/realestate
T Magazine,https://www.nytimes.com/section/t-magazine
Travel,https://www.nytimes.com/section/travel
Weddings & Celebrations,https://www.nytimes.com/pages/fashion/weddings/index.html
Classifieds,https://www.nytimes.com/ref/classifieds/
Tools & Services,https://www.nytimes.com/marketing/tools-and-services/
Times Topics,https://www.nytimes.com/pages/topics/
Public Editor,http://topics.nytimes.com/top/opinion/thepubliceditor/index.html
N.Y.C. Events Guide,https://www.nytimes.com/events/
Blogs,https://www.nytimes.com/interactive/blogs/directory.html
Multimedia,https://www.nytimes.com/pages/multimedia/index.html
Photography,https://lens.blogs.nytimes.com/
Video,https://www.nytimes.com/video
NYT Store,https://www.nytimes.com/store/?&t=qry542&utm_source=nytimes&utm_medium=HPB&utm_content=hp_browsetree&utm_campaign=NYT-HP&module=SectionsNav&action=click&region=TopBar&version=BrowseTree&contentCollection=NYT%20Store&contentPlacement=2&pgtype=Homepage
Times Journeys,https://www.nytimes.com/times-journeys/?utm_source=nytimes&utm_medium=HPLink&utm_content=hp_browsetree&utm_campaign=NYT-HP
Subscribe,https://www.nytimes.com/seeallnav
Manage My Account,https://www.nytimes.com/membercenter
Home Delivery,http://www.nytimes.com/hdleftnav
Digital Subscriptions,http://www.nytimes.com/digitalleftnav
Times Insider,http://www.nytimes.com/tpnav
Crossword,http://www.nytimes.com/crosswords/index.html
Email Newsletters,http://www.nytimes.com/marketing/newsletters
Alerts,https://myaccount.nytimes.com/mem/tnt.html
Gift Subscriptions,http://www.nytimes.com/giftleftnav
Corporate Subscriptions,http://www.nytimes.com/corporateleftnav
Education Rate,http://www.nytimes.com/educationleftnav
Mobile Applications,http://www.nytimes.com/services/mobile/index.html
Replica Edition,http://eedition.nytimes.com/cgi-bin/signup.cgi?cc=37FYY
"
                    © ,
                ",http://www.nytimes.com/content/help/rights/copyright/copyright-notice.html
Contact Us,http://www.nytimes.com/ref/membercenter/help/infoservdirectory.html
Work With Us,http://www.nytco.com/careers
Advertise,http://nytmediakit.com/
Your Ad Choices,http://www.nytimes.com/content/help/rights/privacy/policy/privacy-policy.html#pp
Privacy,http://www.nytimes.com/privacy
Terms of Service,http://www.nytimes.com/ref/membercenter/help/agree.html
Terms of Sale,http://www.nytimes.com/content/help/rights/sale/terms-of-sale.html
Site Map,http://spiderbites.nytimes.com
Help,http://www.nytimes.com/membercenter/sitehelp.html
Site Feedback,https://myaccount.nytimes.com/membercenter/feedback.html
Subscriptions,http://www.nytimes.com/subscriptions/Multiproduct/lp5558.html?campaignId=37WXW
View Mobile Version,http://mobile.nytimes.com/
