"tweet","created","favorited","retweeted","dayCreated"
"Honored to host Israeli Defense Minister Lieberman in the West Wing today.  Our commitment to Israel's security is… https://t.co/ZHlKzDnnVT",2017-03-07 19:08:00,5709,1168,"Tues"
"What an honor to run into this group of future leaders at the White House today. https://t.co/cki6fEDFLb",2017-03-07 18:25:23,8327,1576,"Tues"
"Working my way from Senate Policy Lunch to meet with House members to discuss the end of ObamaCare. Couldn't pass u… https://t.co/BTSv94Ns3G",2017-03-07 15:13:08,6034,1075,"Tues"
"As the legislative process goes forward, @POTUS &amp; I believe the American Health Care Act is the framework for refor… https://t.co/h9ypao5zMX",2017-03-07 15:09:25,4326,797,"Tues"
"My message to GOP Senate: If you like ObamaCare, you can keep it, but people want change &amp; fact is ObamaCare must g… https://t.co/yWheiD8Pm6",2017-03-07 15:05:07,5896,1548,"Tues"
"Thank you. From @NYDailyNews - @AP Apologizes for Publishing Second Lady's email https://t.co/pa0IEjqdYT",2017-03-07 11:07:50,6742,1566,"Tues"
"Join me LIVE on #KilmeadeAndFriends soon with Brian @Kilmeade as we discuss the @HouseGOP plan to repeal and replace Obamacare.",2017-03-07 10:23:57,2946,406,"Tues"
"TUNE IN to The Mike Gallagher Show now as I join @radiotalkermike on air to discuss replacing Obamacare. https://t.co/Mt5Jfqujve",2017-03-07 10:10:15,2234,390,"Tues"
".@POTUS promised to bring back jobs to America. Today's news is further evidence of the country's spirit of optimis… https://t.co/PIyRmzxSsj",2017-03-06 17:22:35,15256,3247,"Mon"
"If we do that, I believe with all my heart that these divided times will give way to unity—and America will be great again.",2017-03-05 00:13:50,13994,2432,"Sun"
"As we learned from Carryn Owens this week, we should take every opportunity to stand together and look up a little more.",2017-03-05 00:13:20,17333,3454,"Sun"
"Privileged to address the Gridiron Dinner. While we have our differences, &amp; you'll know when we have them, we must focus on what unites us.",2017-03-05 00:12:56,9927,1513,"Sun"
"When we requested they take it down, they refused. The @AP owes my wife an apology. https://t.co/LdMmnewnWF",2017-03-04 16:53:29,35318,16566,"Sat"
"Last night the @AP published my wife's private email address, violating her privacy and our security...",2017-03-04 16:52:54,24298,13427,"Sat"
"Stopped in for a bite at O'Riley &amp; Conway's Irish Pub in Janesville with @SpeakerRyan and visited with Wisconsin re… https://t.co/XtXR0o3CKw",2017-03-03 16:03:35,6933,989,"Fri"
"The @POTUS has an unwavering belief in the American people—hardworking men and women like those here at Blain's… https://t.co/iiBjlaY9zC",2017-03-03 15:30:36,7266,1385,"Fri"
"Obamacare is weighing down our job creators &amp; hurting small business owners like those gathered here at our listeni… https://t.co/XampjE3wyV",2017-03-03 15:20:20,6394,1362,"Fri"
"We have a lot of work to do. But as @POTUS likes to say, with faith in the American people and in God, we will #MakeAmericaGreatAgain.",2017-03-03 13:59:16,5488,1304,"Fri"
"This administration will get our economy moving by passing the biggest tax reform since Ronald Reagan and cutting taxes across the board.",2017-03-03 13:54:28,5481,1162,"Fri"
"We will replace Obamacare with a better law that lowers the cost of health insurance without growing the size of government.",2017-03-03 13:51:00,3298,894,"Fri"
"Under @POTUS, we will repeal Obamacare once and for all—eliminating its mandates, taxes, and intrusion into businesses and lives.",2017-03-03 13:50:00,2296,733,"Fri"
"Obamacare is a job killer. Endless price hikes and red tape eat up time and money better spent growing businesses and benefitting workers.",2017-03-03 13:49:22,2138,746,"Fri"
"Our administration has the biggest and boldest agenda this country has ever seen—and we’re going to pass it from top to bottom.",2017-03-03 13:47:21,2466,894,"Fri"
"Businesses are reacting to @POTUS Trump’s “Buy American, Hire American” vision with optimism and investment in our country.",2017-03-03 13:46:05,2077,703,"Fri"
"On day one, @POTUS went to work undoing the job-destroying policies and executive orders of the last eight years.",2017-03-03 13:45:10,1908,639,"Fri"
"Tune in as I take the stage with @SpeakerRyan, @SecPriceMD and @SenRonJohnson at Blain's @FarmandFleet in Wisconsin. https://t.co/lWK2ggUi3i",2017-03-03 13:25:59,4154,636,"Fri"
"Joined by @SenRonJohnson &amp; @SecPriceMD on the way to Wisconsin to meet with small biz owners &amp; discuss challenges t… https://t.co/480loIu5L0",2017-03-03 11:30:51,4553,752,"Fri"
"Congratulations to our new @Energy Secretary, Rick Perry. @POTUS and I have absolute confidence in your leadership,… https://t.co/CImZKXMSFv",2017-03-02 18:57:32,7884,1611,"Thurs"
".@POTUS &amp; I have full faith that @HUDgov Secretary Dr. Ben Carson will open doors of opportunity and meet the needs… https://t.co/3UylospxBa",2017-03-02 18:45:57,8428,1776,"Thurs"
"Thank you OH! America’s small businesses, &amp; the good people who work for them, are the backbone of our economy. Loo… https://t.co/JWotlVa5fY",2017-03-02 15:34:55,6330,1006,"Thurs"
"It’s hardworking men and women like these who make America the envy of the world. @POTUS &amp; I are grateful for all t… https://t.co/3wpcoxyaio",2017-03-02 14:34:03,5358,1030,"Thurs"
"Americans elected a @POTUS who never quits or backs down. With @realDonaldTrump in the White House, America's going to start winning again.",2017-03-02 13:28:26,4881,1074,"Thurs"
".@POTUS Trump is rolling back the senseless regulations that are strangling our businesses and stifling our country’s potential.",2017-03-02 13:27:49,4266,775,"Thurs"
"Under @POTUS, we’re going to repeal Obamacare once and for all—eliminating its mandates, taxes, and intrusion into businesses and lives.",2017-03-02 13:20:41,2280,736,"Thurs"
"Businesses in Ohio and all over America are feeling the same squeeze. Obamacare is weighing down our job creators—and our country’s future.",2017-03-02 13:20:12,1826,482,"Thurs"
"Americans know Obamacare has failed—and Obamacare must go.",2017-03-02 13:18:32,1908,572,"Thurs"
"On day one, @POTUS went to work undoing the job-killing policies and executive orders from the last 8 years to get our economy moving again.",2017-03-02 13:16:42,1716,537,"Thurs"
".@POTUS and I know a fundamental truth of our economy: When small business is strong, America is strong.",2017-03-02 13:16:15,1466,446,"Thurs"
"As the world knows, @POTUS grew up in a family business, too. We both know the sacrifices that are required—the long hours, the hard work.",2017-03-02 13:15:50,1450,437,"Thurs"
"I grew up in a small business family in Columbus, Indiana. I went to work at my father’s gas station when I was only 14.",2017-03-02 13:15:29,1356,365,"Thurs"
"Make no mistake about it: America finally has a @POTUS who will support small businesses every single day.",2017-03-02 13:14:27,1721,564,"Thurs"
"LISTEN LIVE as I deliver remarks at @FrameUSA, a family owned &amp; operated small business struggling under Obamacare. https://t.co/sUolPjOdTF",2017-03-02 13:04:27,4045,647,"Thurs"
"Enjoyed a discussion with small business owners in Cincinnati about @POTUS agenda to create jobs, grow our economy,… https://t.co/VyLLCdFM5k",2017-03-02 12:49:25,4137,727,"Thurs"
"Arriving on Air Force Two in Cincinnati, OH with @SecPriceMD to discuss with small biz owners why Obamacare needs t… https://t.co/UDB0gFr5Tm",2017-03-02 11:34:32,6799,1227,"Thurs"
"Enjoyed my time on @OReillyFactor to discuss @POTUS Trump's forward-looking message of unity and strength at last n… https://t.co/Ayu2td40U8",2017-03-01 21:29:07,5176,677,"Wed"
"With a sterling record of service, @POTUS and I know Ryan Zinke will protect America’s natural treasures as our new… https://t.co/2LrGlo9GEh",2017-03-01 20:35:22,7048,1291,"Wed"
"Join me on @MSNBC with @Greta as we recap @POTUS Trump's message at last night's #JointAddress https://t.co/U56SOnsZ9M",2017-03-01 18:10:29,4009,559,"Wed"
"This #WomensHistoryMonth, we celebrate America's storied history of female trailblazers and vow to empower those wh… https://t.co/UNKpNCzXYh",2017-03-01 17:39:24,5998,1222,"Wed"
"We welcomed House and Senate leadership to the @WhiteHouse to continue to put into practice the agenda @POTUS laid… https://t.co/HDzdetJ2De",2017-03-01 13:58:25,6871,1294,"Wed"
"Join me on air this afternoon with @RushLimbaugh, @ASavageNation &amp; @SeanHannity as we discuss @POTUS' message at last night's #JointAddress.",2017-03-01 13:40:03,4706,749,"Wed"
"I'm recapping @POTUS Trump's #JointAddress with @IngrahamAngle LIVE now on The Laura Ingraham Show. Tune in! https://t.co/w1alOVKkgM",2017-03-01 09:11:49,5222,777,"Wed"
"Had time between interviews this morning to show @LesterHoltNBC, @NorahODonnell, and crew my office, including Tedd… https://t.co/YRCQPCqdQh",2017-03-01 09:00:45,4537,690,"Wed"
"Join me LIVE with @Morning_Joe, @GMA, @TheTodayShow, @CBSThisMorning and @FoxAndFriends as we recap @POTUS Trump's optimistic #JointAddress",2017-03-01 06:01:20,3830,519,"Wed"
".@POTUS showed true leadership in his #JointAddress—laying out an agenda of tax relief, affordable healthcare &amp; commitment to peace &amp; safety",2017-02-28 22:17:14,29123,5245,"Tues"
"Karen and I on our way to hear @POTUS speak directly to America about his optimistic vision. WATCH:… https://t.co/zSfjKAM9Vv",2017-02-28 20:46:30,16084,2251,"Tues"
"Joined @POTUS this morning in welcoming state Attorneys General to the @WhiteHouse to emphasize law and order throu… https://t.co/UnjUoNV9cD",2017-02-28 19:19:21,4396,863,"Tues"
".@CommerceGov Secretary Ross will take a leading role in implementing @POTUS plan to foster growth &amp; create good-pa… https://t.co/TYFwO7hdYE",2017-02-28 12:24:15,5158,1067,"Tues"
"This #BlackHistoryMonth, @POTUS &amp; I thank the presidents of our Historically Black Colleges &amp; Universities for thei… https://t.co/afLvD2Ud0T",2017-02-27 18:12:56,5791,1277,"Mon"
"Grateful to welcome the nation's governors over the last several days, including @GovHolcomb and @GovAbbott, to dis… https://t.co/yyg9Iarm17",2017-02-27 13:18:46,6527,1236,"Mon"
"With boundless confidence in the American people, I know that under the leadership of @POTUS Trump, we will Make America Great Again. #RJC",2017-02-24 23:18:18,9618,1786,"Fri"
"Now, more than ever, we need to mobilize and march forward as if this time is the most important time in the history of our cause. #RJC",2017-02-24 23:14:06,8841,1624,"Fri"
"When it comes to the highest court in the land, in Judge Gorsuch, @POTUS nominated a #SCOTUS justice who will uphold our Constitution. #RJC",2017-02-24 23:12:38,6978,1175,"Fri"
"We’ll enact real education reform that gives families more choices &amp; ends a broken system that puts status quo ahead of student success #RJC",2017-02-24 23:12:24,6847,1075,"Fri"
"We’re going to roll back job-killing regulations and we’re going to rescind unconstitutional executive orders signed by Barack Obama. #RJC",2017-02-24 23:12:11,8179,1384,"Fri"
"Under @POTUS, we’re going to get this economy moving by cutting taxes for working families, small businesses, and family farms. #RJC",2017-02-24 23:11:57,6284,1055,"Fri"
"Despite the left's fear-mongering, we'll have an orderly transition to a better health care system that puts the American people first. #RJC",2017-02-24 23:11:42,8540,1558,"Fri"
"We'll replace ObamaCare with something that actually works–something that’s built on freedom and individual responsibility. #RJC",2017-02-24 23:11:08,7227,1128,"Fri"
"We’re going to repeal ObamaCare once and for all, and eliminate its mandates, taxes, and intrusion into your businesses and your lives. #RJC",2017-02-24 23:10:28,7656,1127,"Fri"
"The ObamaCare nightmare is about to end. Despite the best efforts of liberal activists, Americans know better: ObamaCare must go. #RJC",2017-02-24 23:09:15,7865,1315,"Fri"
".@POTUS Trump has convinced businesses across the country to keep and create tens of thousands of jobs here at home. #RJC",2017-02-24 23:08:49,5604,872,"Fri"
".@POTUS has ordered every federal agency and department to find two regulations to cut before issuing a new one. #RJC",2017-02-24 23:08:31,5154,797,"Fri"
".@POTUS Trump has already taken action that’s putting America back to work and getting our economy moving. #RJC",2017-02-24 23:08:16,5071,739,"Fri"
"While @POTUS focuses on security at home and abroad, we’re also working tirelessly on a three-part agenda at home: jobs, jobs, &amp; jobs. #RJC",2017-02-24 23:07:55,4982,733,"Fri"
"We'll rebuild our military, restore the arsenal of democracy, &amp; provide our servicemen &amp; women with the resources &amp; training they need. #RJC",2017-02-24 23:06:17,6135,941,"Fri"
"Hello, @CPAC. It’s great to be back. We will see you soon. #CPAC2017 https://t.co/q6YcIFbiBC",2017-02-23 19:40:07,5545,819,"Thurs"
"We hosted some of the country’s largest manufacturers for small working group sessions to discuss the need to boost… https://t.co/djjaD9krGe",2017-02-23 11:57:24,17576,3699,"Thurs"
"Inspiring day in Missouri. Thank you Governor @EricGreitens, @RepAnnWagner, @RepBlainePress, and the good people of… https://t.co/2dNeA8odin",2017-02-22 17:07:51,6815,1318,"Wed"
"MO's people are inspiring the nation w/ their compassion for the Jewish community. Thank you for showing the world… https://t.co/fFM1xfnk32",2017-02-22 16:45:01,11136,3045,"Wed"
"There's no place in America for hatred or acts of prejudice, violence, or anti-semitism. https://t.co/Flbm88l1Us",2017-02-22 16:44:14,10254,2438,"Wed"
"As @POTUS likes to say, with boundless faith in the American people &amp; with faith in God, we will make America safe, prosperous &amp; great again",2017-02-22 15:09:36,12924,2734,"Wed"
"We're going to #HireAmerican and we're going to #BuyAmerican as we rebuild this country with American workers and American tools.",2017-02-22 15:06:07,8837,1695,"Wed"
"We elected a builder as the 45th President of the United States—and under his leadership, we're going to rebuild America.",2017-02-22 15:05:08,14908,3105,"Wed"
".@POTUS &amp; I are committed to creating a better health care plan that lowers the cost of insurance, unleashes innovation &amp; puts people first.",2017-02-22 15:04:01,7523,1196,"Wed"
"ObamaCare will be replaced with something that actually works—bringing freedom and individual responsibility back to American health care.",2017-02-22 15:03:08,10044,2006,"Wed"
"ObamaCare is a job killer. We'll repeal ObamaCare once and for all &amp; eliminate its mandates, taxes &amp; intrusion into businesses &amp; your lives.",2017-02-22 15:01:58,9840,1974,"Wed"
"The ObamaCare nightmare is about to end. Despite the best efforts of liberal activists around the country, America knows ObamaCare's failed.",2017-02-22 15:00:31,10592,2247,"Wed"
"Businesses are already reacting to @POTUS Trump's ""Buy American, Hire American"" vision with optimism and investment in our country.",2017-02-22 14:59:35,5884,932,"Wed"
".@POTUS has signed legislation to begin to roll back the reams of red tape and regulations issued under the Obama administration.",2017-02-22 14:59:05,5852,984,"Wed"
"On Day One, @POTUS went right to work on a plan to cut taxes for working families, small businesses, and family farms.",2017-02-22 14:58:16,6297,1024,"Wed"
".@POTUS Trump and I know that when small business is strong, America is strong.",2017-02-22 14:57:31,6590,1102,"Wed"
"We know that small businesses are the engines of our economy—the beating heart that creates jobs and prosperity and growth.",2017-02-22 14:57:12,5844,969,"Wed"
"Make no mistake about it: America finally has a President who will support small businesses every single day.",2017-02-22 14:56:13,9579,1766,"Wed"
"LISTEN LIVE now as I join hardworking Americans in Missouri to discuss America's economic comeback: https://t.co/VgPq0m37zR",2017-02-22 14:50:36,5063,901,"Wed"
"Honored to meet in St Louis today with some of the hardworking Americans <ed><U+00A0><U+00BC><ed><U+00B7><U+00BA><ed><U+00A0><U+00BC><ed><U+00B7><U+00B8> who keep the machines running that help… https://t.co/TKy8s7i4nw",2017-02-22 14:38:27,5101,873,"Wed"
"Meeting with small business leaders in St Louis hearing their stories how federal regulations of the past and Obama… https://t.co/vKb4ibM58Q",2017-02-22 14:18:50,5265,1119,"Wed"
"Next stop St. Louis to discuss @POTUS Trump's plans to help small businesses, create jobs &amp; repeal/replace Obamacar… https://t.co/yx6Ab1Z0Jw",2017-02-22 10:48:14,9307,1604,"Wed"
"Pleased to welcome Foreign Minister @JulieBishopMP to the @WhiteHouse today to reaffirm close ties with our ally, p… https://t.co/ADVd3sl2XD",2017-02-21 17:48:02,6976,1348,"Tues"
"Told @NATO today: nations meeting  spending goals- encourage others. Nations w/ plan to get there-accelerate it. Nations w/o plan- get one!",2017-02-20 13:54:24,5717,1096,"Mon"
"Message to @NATO members in Brussels. @POTUS &amp; the American people expect our allies to keep their word and do more in our common defense.",2017-02-20 13:51:53,6546,1331,"Mon"
"America will continue to do our part but Europe's defense requires Europe's commitment as much as it does ours.",2017-02-20 13:51:19,9749,1872,"Mon"
"As @POTUS Trump has said: for too long, too many in @NATO haven't done their part to fairly pay the cost of our common defense.",2017-02-20 13:49:49,7391,1523,"Mon"
"Productive meeting with @jensstoltenberg. Under @POTUS, the U.S. strongly supports @NATO because a stronger NATO me… https://t.co/KVlEdsSkw2",2017-02-20 11:13:29,5183,1007,"Mon"
"Join me LIVE soon at @NATO Headquarters with Secretary General @jensstoltenberg —&gt; https://t.co/KEZ5XBtqfw",2017-02-20 10:15:40,2854,495,"Mon"
"On behalf of President Trump today I expressed the strong commitment of the US to continued cooperation and partner… https://t.co/jLlzjj6Plm",2017-02-20 07:47:13,7055,1152,"Mon"
"In Brussels, Prime Minister @CharlesMichel &amp; I reaffirmed strong US-Belgian partnership &amp; need to address shared th… https://t.co/YgBLy32Pdx",2017-02-20 01:40:06,5448,975,"Mon"
"During the tour today of Dachau, survivor Abba Noar recalled to me the horrors of the Holocaust, ""then the American… https://t.co/2K9IaLdj5c",2017-02-19 11:02:29,11884,2906,"Sun"
"Moving and emotional tour of Dachau today. We can never forget atrocities against Jews and others in the Holocaust. https://t.co/69GWN2DKDF",2017-02-19 10:14:47,14975,3865,"Sun"
"One of the best parts of this job, meeting the staff and families working for our country overseas. Thanks for your… https://t.co/fZ8lLvCb1U",2017-02-19 05:03:49,15142,2350,"Sun"
"Personally thanked Iraqi PM @HaiderAlAbadi for sacrifices in shared fight against ISIS &amp; discussed long-term partne… https://t.co/emS6EUNYjB",2017-02-18 14:28:44,5680,1091,"Sat"
"Enjoyed chatting w/ Bono at @MunSecConf. Discussed prior effort to twice pass Africa AIDS assistance &amp; future secur… https://t.co/tR26rGNWC6",2017-02-18 14:08:38,5220,1084,"Sat"
"In meeting with President Poroshenko today, I underscored U.S. support for Ukraine and full implementation of Minsk. https://t.co/2e32Ov0t6y",2017-02-18 13:58:34,6753,1785,"Sat"
"Great meeting with NATO ally Turkish PM @BA_Yildirim to discuss strength of the U.S.-Turkey alliance and our work t… https://t.co/qJFFZJ2MAI",2017-02-18 13:29:53,5422,1245,"Sat"
"In meeting w/ Baltic leaders @Grybauskaite_LT, @vejonis, &amp; @KerstiKaljulaid, I reaffirmed US commitment to their se… https://t.co/vhqT5Gv4c4",2017-02-18 10:46:40,5850,1353,"Sat"
"Discussed need to accelerate plans to defeat ISIS with KRG @President_Barzani &amp; thanked him for cooperation w/ Bagh… https://t.co/sOTjsTJtJL",2017-02-18 09:50:49,7804,1727,"Sat"
"Today, I met Afghan @PresidentGhani to discuss U.S. support for Government of National Unity, CT cooperation, and e… https://t.co/18ShJnbMU6",2017-02-18 07:43:16,5549,1171,"Sat"
"Appreciate the kind response following my address at @MunSecConf reaffirming @POTUS commitment to NATO and Europe. https://t.co/i2ITmbLmbH",2017-02-18 06:39:35,6063,1096,"Sat"
"Had a productive conversation w/ Chancellor Merkel on enduring U.S.-Germany partnership and cooperation on global c… https://t.co/DvBJaDX520",2017-02-18 06:15:08,6238,1087,"Sat"
"Our strength, &amp; that of this alliance, is not derived solely from our strength of arms. It's born of the shared pri… https://t.co/bkYIdU4e8z",2017-02-18 04:07:22,7524,1689,"Sat"
"As @POTUS has made clear, the US will fight tirelessly to crush these enemies &amp; consign them to the ash-heap of history, where they belong.",2017-02-18 04:03:57,9504,1943,"Sat"
"Under @POTUS, the US will remain committed to ensuring Iran never obtains a nuclear weapon capable of threatening our countries or allies.",2017-02-18 04:03:09,8928,1787,"Sat"
"Know this: The US will continue to hold Russia accountable, even as we search for new common ground, which @POTUS believes can be found.",2017-02-18 04:02:21,8550,1658,"Sat"
"We must hold Russia accountable and demand that they honor the Minsk Agreements, beginning by de-escalating the violence in eastern Ukraine.",2017-02-18 04:01:57,11561,2656,"Sat"
".@POTUS expects our allies to keep their word. We must shoulder this responsibility together bc the dangers we face are growing. #MSC2017",2017-02-18 04:00:46,6381,1221,"Sat"
"Peace only comes through strength.  
@POTUS believes we must be strong, able to confront all who would threaten our freedom &amp; way of life.",2017-02-18 03:57:50,10628,2449,"Sat"
"Just as US stood w/ Europe through end of the 20th Century, Europe stood w/ US at the outset of the 21st &amp; America will forever be grateful.",2017-02-18 03:54:58,6384,1006,"Sat"
"We have been faithful for generations—and as you keep faith with us, under @POTUS Trump we will always keep faith with you. #MSC2017",2017-02-18 03:51:41,6062,1039,"Sat"
"On behalf of @POTUS, I assure you—the US strongly supports NATO and will not waver in our commitment to our transatlantic alliance. #MSC2017",2017-02-18 03:51:03,6123,1255,"Sat"
"History will attest that when the US and Europe are peaceful &amp; prosperous, we advance the peace &amp; prosperity of the… https://t.co/k1S81Oi8hQ",2017-02-18 03:50:39,5991,1276,"Sat"
"WATCH LIVE now as I address the @MunSecConf and outline @POTUS Trump's commitment to global security —&gt; https://t.co/ajL5D0iR7c",2017-02-18 03:49:14,2514,467,"Sat"
"Enjoyed yesterday's discourse on ways to empower and revitalize distressed communities through economic development… https://t.co/YZr4JBFUKe",2017-02-17 12:03:26,6153,1235,"Fri"
"Next stop Munich. Looking forward to sharing @POTUS message of a stronger &amp; safer world with our allies while in Ge… https://t.co/GKTNSs3tFL",2017-02-17 07:31:51,14720,2748,"Fri"
"In Mick Mulvaney, @POTUS has nominated an OMB Director with an unwavering commitment to protecting America’s fiscal… https://t.co/Zn2TKDpddj",2017-02-16 20:15:35,6371,1294,"Thurs"
"Great session w/ small biz owners, finance leaders and @SenatorTimScott discussing econ development &amp; entrepreneurs… https://t.co/9aIgRBMwIG",2017-02-16 17:41:13,8322,1917,"Thurs"
"At this historic juncture in history, @POTUS &amp; I look forward to joining forces with our partners in Congress to re… https://t.co/piW2vzR4uv",2017-02-16 15:00:44,7296,1330,"Thurs"
"Honored to host Prime Minister Benjamin @Netanyahu for breakfast at VP Residence this am. Under @POTUS Trump, the U… https://t.co/0UFoCYWjjV",2017-02-16 08:30:10,13420,2620,"Thurs"
"As @POTUS made clear, we are committed to working with Israel and our common allies in the region toward greater se… https://t.co/3Nil9YWgSW",2017-02-15 18:09:58,10208,2106,"Wed"
"America stands in solidarity with Israel, our cherished ally. Proud to join POTUS in welcoming Prime Minister… https://t.co/FNlVXS6TWr",2017-02-15 14:00:16,15512,3816,"Wed"
"Great discussion led by @POTUS w/ @RILAtweets on encouraging job creation &amp; economic growth through tax relief for… https://t.co/LOQ4LNN8Fq",2017-02-15 11:21:38,5391,1115,"Wed"
"Small business is at the heart of the American success story, &amp; @Linda_McMahon knows this better than most. No one… https://t.co/4UGbU8t4n8",2017-02-14 19:12:17,19958,3984,"Tues"
"As @DeptVetAffairs Secretary, Dr. David Shulkin will fulfill our nation's promise to care for those who have sacrif… https://t.co/9z3OTTTmRE",2017-02-14 19:10:15,20118,3952,"Tues"
"Enjoyed visiting with my friend @GovChristie at the @WhiteHouse today. Looking forward to Chris and fellow governor… https://t.co/BxSLkmHeN1",2017-02-14 18:42:51,5516,1031,"Tues"
"Our nation's success depends on our students' education. @BetsyDeVos will help us ensure every child has the best s… https://t.co/Vj8S5I2eTM",2017-02-07 19:40:49,11823,2525,"Tues"
"My vote for @BetsyDeVos was the easiest vote I ever cast. An Education Secretary who is one of the foremost advocat… https://t.co/z2pDuC86pB",2017-02-07 18:18:02,11432,2510,"Tues"
"While on the Hill, popped into House @RepublicanStudy Committee lunch—a group I was honored to chair &amp; will work wi… https://t.co/7VeoScKcRO",2017-02-07 13:29:29,5997,1083,"Tues"
"Today’s vote to confirm Education Secretary @BetsyDeVos was a vote for every child having a chance at a world-class… https://t.co/jDZLYp0EJG",2017-02-07 12:33:45,32311,7915,"Tues"
".@POTUS and I extend our thanks to those in law enforcement who protect our communities and are dedicated to our sa… https://t.co/biLnB0MwoL",2017-02-07 11:43:07,9028,1889,"Tues"
"Happy birthday to Pres. Reagan. His leadership inspired a generation to believe in America. Honored to have been sw… https://t.co/5Tq5ofbPVu",2017-02-06 15:51:33,19337,3788,"Mon"
"We owe a debt of gratitude to our service members. Grateful to pay a small thanks &amp; spend time with our brave heroes https://t.co/ALuheHxPv3",2017-02-06 13:09:32,12465,2279,"Mon"
"Headed back to DC on Air Force Two with our <ed><U+00A0><U+00BC><ed><U+00B7><U+00BA><ed><U+00A0><U+00BC><ed><U+00B7><U+00B8> heroes. Incredible comeback. One of the best Super Bowls ever. Congratulations to @Patriots.",2017-02-05 23:32:14,19826,3402,"Sun"
"It's a great honor to visit with Former President @GeorgeHWBush &amp; Barbara Bush. Their service to our nation <ed><U+00A0><U+00BC><ed><U+00B7><U+00BA><ed><U+00A0><U+00BC><ed><U+00B7><U+00B8> is a… https://t.co/oVJOC5nhXk",2017-02-05 19:28:14,43162,6789,"Sun"
"Anyone who knows the Pence family knows we can't pass up good BBQ. Had to stop by Pappa's in Houston on the way to… https://t.co/uWqvWmNSR2",2017-02-05 16:39:31,14748,2392,"Sun"
"En route to Houston for Super Bowl LI. Our traveling group includes a serviceman who supports the @AtlantaFalcons &amp;… https://t.co/5yYkh0m68y",2017-02-05 13:58:00,17018,3025,"Sun"
"Honored to welcome on Air Force 2, as our guests to the Super Bowl LI, two American heroes <ed><U+00A0><U+00BC><ed><U+00B7><U+00BA><ed><U+00A0><U+00BC><ed><U+00B7><U+00B8>who were injured in th… https://t.co/9uNA1sbrl1",2017-02-05 13:35:06,14827,3799,"Sun"
"It gave me chills to stand in room where Founding Fathers created the greatest charter of liberty world has ever se… https://t.co/yvK9Z1MFLF",2017-02-04 13:02:26,17822,3592,"Sat"
"This SCOTUS seat doesn't belong to any party, ideology, or interest group. It belongs to the American people–and Am… https://t.co/HjOW4CeWwa",2017-02-04 12:21:41,29581,7324,"Sat"
"Rest assured, we will work w/ Senate leadership to ensure that Judge Gorsuch gets an up-or-down vote on the Senate floor- one way the other",2017-02-04 12:21:19,9163,1654,"Sat"
"Judge Gorsuch has defended the Constitution’s unique system of federalism that restricts the national gov to specific and enumerated powers.",2017-02-04 12:16:39,10182,2070,"Sat"
"Judge Gorsuch is one of the most mainstream, respected, and exceptionally qualified Supreme Court nominees in American history.",2017-02-04 12:12:02,9906,2053,"Sat"
"Judge Gorsuch is a worthy successor to Justice Antonin Scalia. Our Constitution &amp; our country will be stronger with him on the Supreme Court",2017-02-04 12:11:41,8694,1693,"Sat"
"#SCOTUS nominee Judge Gorsuch has sterling academic credentials, a brilliant legal mind and an unwavering commitmen… https://t.co/PI1NDSZc8b",2017-02-04 12:11:10,6746,1409,"Sat"
"WATCH LIVE at noon as I join the Philadelphia @FedSoc to discuss the Constitution &amp; #SCOTUS nominee @GorsuchFacts. https://t.co/w6zuiBssf5",2017-02-04 11:48:50,3414,643,"Sat"
"Couldn't pass this close to the Liberty Bell <ed><U+00A0><U+00BD><ed><U+00B4><U+0094> without stopping by to see this symbol of American Freedom for mysel… https://t.co/c6gJX4bLgT",2017-02-04 11:08:04,13040,2158,"Sat"
"Proud to stand alongside @POTUS as he signed an EO that will help empower Americans to make their own financial dec… https://t.co/M5XtRVJAhk",2017-02-03 17:35:51,9056,1928,"Fri"
"This Nat'l Catholic Schools Week, we extend our appreciation to those working to ensure every child has access to a… https://t.co/eYqo0igs1c",2017-02-03 14:31:42,6982,1559,"Fri"
"Tune in to @FoxNews tonight at 10 p.m. ET as I sit down w/ @seanhannity to discuss the need for an up or down vote… https://t.co/LXqFtM0SQe",2017-02-02 18:32:22,7755,1687,"Thurs"
"After Munich I'll head to Brussels, where I look forward to engaging with European Allies &amp; partners &amp; discussing how to strengthen our ties",2017-02-02 18:10:23,10681,1961,"Thurs"
"In meeting w/ Minister Gabriel, I told him I'll attend Munich Security Conference, where I'll share our views on Transatlantic relationship.",2017-02-02 18:08:51,6238,1189,"Thurs"
"This #BlackHistoryMonth, join us in celebrating the contributions of African Americans in our nation's history. https://t.co/b6mQ0z8pVw",2017-02-02 17:06:11,4181,936,"Thurs"
"Honored to welcome German Vice Chancellor &amp; Min. for Foreign Affairs Gabriel to the White House today to discuss NA… https://t.co/V5o4SQIfGa",2017-02-02 16:11:34,8695,1769,"Thurs"
".@POTUS and I enjoyed welcoming @harleydavidson execs &amp; union leaders to the @WhiteHouse to discuss keeping America… https://t.co/jkzcf5fFyt",2017-02-02 15:24:30,13885,3423,"Thurs"
"As #BlackHistoryMonth begins, we remember when Pres. Lincoln submitted the 13th Amendment, ending slavery, to the states #NationalFreedomDay",2017-02-01 21:00:12,14318,3841,"Wed"
"It is my tremendous honor to join @POTUS to administer Oath of Office to our new Secretary of State Rex Tillerson. https://t.co/teKslOorCw",2017-02-01 19:19:46,13030,3066,"Wed"
"Dorothy Height, an inspiring civil rights leader, will be honored in the @USPS Black Heritage stamp series.… https://t.co/gGvcWp2MmX",2017-02-01 18:01:36,5490,1313,"Wed"
"Tune in to @NewsHour tonight as I sit down with @JudyWoodruff to discuss @POTUS' SCOTUS nominee. Watch the intervie… https://t.co/HAJXz4Ru3o",2017-02-01 16:46:54,4080,829,"Wed"
"Grateful for @SenateMajLdr's strong support for President @realDonaldTrump's Supreme Court nominee, Judge Gorsuch. https://t.co/qngrd3mnoD",2017-02-01 15:58:09,8658,1594,"Wed"
"Supreme Court nominee Judge Gorsuch firmly stands as a strict constructionist, fitting the mold of the late Justice Antonin Scalia.",2017-01-31 20:21:10,13922,2845,"Tues"
"Judge Gorsuch is one of the most mainstream, respected, and exceptionally qualified Supreme Court nominees in American history.",2017-01-31 20:15:39,19688,4325,"Tues"
"Tonight, @POTUS nominated a Supreme Court Justice who will uphold the God-given liberties enshrined in our constitu… https://t.co/KArN4gfRnM",2017-01-31 20:13:34,11602,2450,"Tues"
"Tune in LIVE now as @realDonaldTrump announces his nominee for the Supreme Court of the United States —&gt; https://t.co/yya8lPI0nb",2017-01-31 20:02:03,4085,525,"Tues"
"Congrats to newly sworn-in @USDOT Secretary @ElaineChao, who will oversee historic investments in our nation's infr… https://t.co/4lqyODD1ny",2017-01-31 19:33:59,7899,1749,"Tues"
"Grateful to welcome King Abdullah II of Jordan this morning as first foreign leader to visit VP Residence. https://t.co/LXjWcD8jRi",2017-01-30 15:20:25,32737,7887,"Mon"
"We mourn the loss of a hero in battle against radical Islamic terror. Our prayers go to loved ones of fallen servic… https://t.co/0aqNcwOXyG",2017-01-29 14:17:45,22034,8431,"Sun"
"Good discussion this afternoon with two transformative leaders of the conservative movement, Gov @ScottWalker &amp; Spe… https://t.co/U6HUTbJpl5",2017-01-28 16:24:05,7737,1798,"Sat"
"Welcomed my good friend Governor @EricGreitens to the White House today. He is doing a great job for the people of… https://t.co/JnIHfT9K6W",2017-01-28 13:52:11,23306,4363,"Sat"
"This #HolocaustRemembrance Day, we join the Jewish people to remember the victims &amp; honor the survivors of the past for sake of the future.",2017-01-27 17:26:49,10084,2446,"Fri"
"It was my honor to speak at the @March_for_Life today w/ my family &amp; share the commitment of @POTUS to restore cult… https://t.co/edIXEnPKSw",2017-01-27 13:56:53,32647,8297,"Fri"
"We have come to a historic moment in the cause of life, and we must meet this moment with respect and compassion for every American.",2017-01-27 12:24:49,21510,4016,"Fri"
".@POTUS and I stand with the @March_for_Life. Be assured, we will not rest until we restore a culture of life for ourselves &amp; our posterity.",2017-01-27 12:24:14,18800,4179,"Fri"
"Let this movement be known for love not anger - for compassion not confrontation. #MarchforLife",2017-01-27 12:23:35,29095,8014,"Fri"
"One week ago today, we witnessed the historic inauguration of a president who stands for the right to life - President @realDonaldTrump.",2017-01-27 12:18:59,14374,2358,"Fri"
"Life is winning in America. Today's @March_for_Life is a celebration of the progress that we have made in the cause.",2017-01-27 12:17:33,15013,3046,"Fri"
"WATCH LIVE now as @SecondLady, @KellyannePolls and I take the stage at @March_for_Life https://t.co/RWlC2fykKI",2017-01-27 12:08:59,3888,888,"Fri"
